:100000006F50F039000000002C5A00002E5A0000FA
:1000100000000000000000000000000000000000E0
:1000200000000000000000000000000000000000D0
:100030009C5B0000000000009C5B000000000000D2
:100040009C5B00009C5B00009C5B00009C5B0000D4
:100050009C5B00009C5B00009C5B00009C5B0000C4
:100060009C5B00009C5B00009C5B00009C5B0000B4
:100070009C5B00009C5B00009C5B00009C5B0000A4
:100080009C5B00009C5B00009C5B00009C5B000094
:100090009C5B00009C5B0000705A00009C5B0000B1
:0800A0009C5B00000000000061
:1000A800511126C022C206C4828282441244A24050
:1000B80031018280634E050263C305042E86AA853A
:1000C8007D5515C285466378B6006356C00006069E
:1000D8008606E36CB6FE014563E4C500918D558D37
:1000E80085820582F5FA82808682C93F2E858282C2
:1000F8003305A0406347B000B305B040C1B7B305AE
:10010800B0408682653F3305A0408282868263C7FD
:100118000500634905005D372E858282B305B0402E
:10012800E35B05FE3305A040513F3305B0408282B2
:1001380000002A8309CA83830500230073007D1603
:10014800050385056DFA8280EFF29FF54164711110
:100158007D142D6522C08147130700029306000213
:1001680061469305000413050506EF40503C3D45E4
:10017800EF60201A2D6522C08147130700029306FD
:100188000002614693050004130505FEEF40303A6E
:100198003D45EF6000182D6522C081471307000216
:1001A80093060002614693050004130505F6EF4027
:1001B80010383D45EF60E0152D6522C081471307D3
:1001C800000293060002614693050004130505EE3C
:1001D800EF40F0353D45EF60C0132D6522C08147E3
:1001E80013070002930600026146930500041305F5
:1001F80005E6EF40D0333D45EF60A0112D6522C0E4
:100208008147130700029306000261469305000424
:10021800130505DEEF40B0313D45EF60800F2D65D9
:1002280022C0814713070002930600026146930526
:100238000004130505D6EF40902F3D45EF60600D93
:100248002D6522C08147130700029306000261460C
:1002580093050004130505CEEF40702D3D45EF6072
:10026800400B2D6522C08147130700029306000248
:10027800614693050004130505C6EF40502B3D4524
:10028800EF6020092D6522C08147130700029306FD
:100298000002614693050004130505BEEF403029AE
:1002A8003D45EF6000072D6522C081471307000216
:1002B80093060002614693050004130505B6EF4056
:1002C80010273D45EF60E0042D6522C081471307E4
:1002D800000293060002614693050004130505AE6B
:1002E800EF40F0243D45EF60C0022D6522C08147F4
:1002F80013070002930600026146930500041305E4
:1003080005A6EF40D0223D45EF60A0002D6522C034
:100318008147130700029306000261469305000413
:100328001305059EEF40B0203D45EF50907E2D65AA
:1003380022C0814713070002930600026146930515
:10034800000413050596EF40901E3D45EF50707C64
:10035800AD6422C08147130700029306000261467C
:10036800930500041385048EEF40701C1305C0121A
:10037800EF50307A814722C01385048E130700029C
:100388009306000261469305C002EF40501A228787
:100398009306800313060006E1451305C004EF40E9
:1003A80030023D45EF50F076814722C01385048E18
:1003B80013070002930600026146F545EF40301727
:1003C80022879306800313060006E1451305D00330
:1003D800EF40007F3D45EF50D073814722C0138521
:1003E800048E13070002930600026146E145EF40C0
:1003F800101422879306800313060006E1451305AF
:100408008003EF40E07B3D45EF50B070814722C04C
:100418001385048E13070002930600026146D9452E
:10042800EF40F01022879306800313060006E1458B
:1004380013056003EF40C0783D45EF50906D81474C
:1004480022C01385048E130700029306000261463A
:10045800D145EF40D00D228793068003130600068E
:10046800E14513054003EF40A0753D45EF50706A24
:10047800814722C01385048E1307000293060002E9
:100488006146CD45EF40B00A2287930680031306E4
:100498000006E14513053003EF4080721305B004F0
:1004A800EF503067AD643D639307E37B22C041475B
:1004B8009306F004130600029305A0031385048431
:1004C800EF40F0067945EF50D0643D639307D3F7CA
:1004D80022C041479306F004130600029305A003C7
:1004E80013850484EF40B0047945EF509062396376
:1004F8009307C37322C041479306F0041306000212
:100508009305A00313850484EF4070027945EF50EA
:10051800506039639307B3EF22C041479306F00454
:10052800130600029305A00313850484EF403000EE
:100538007945EF50105E35639307A36922C04147A0
:100548009306F004130600029305A00313850484A0
:10055800EF40E07D7945EF50D05B3563930793E535
:1005680022C041479306F004130600029305A00336
:1005780013850484EF40A07B7945EF509059B1670B
:1005880022C0938777DF41479306F00413060002E1
:100598009305A00313850484EF4060797945EF50F3
:1005A8005057AD6722C09387675B41479306F004B5
:1005B800130600029305A00313850484EF402077F7
:1005C8007945EF50105529639307435522C0414799
:1005D8009306F004130600029305A0031385048410
:1005E800EF40E0747945EF50D0522963930733CD3B
:1005F80022C041479306F004130600029305A003A6
:1006080013850484EF40A0727945EF509050A56798
:1006180022C0938717C741479306F00413060002C8
:100628009305A00313850484EF4060707945EF506B
:10063800504EA16722C09387F7BC41479306F00448
:10064800130600029305A00313850484EF40206E6F
:100658007945EF50104C996722C09387C7324147BC
:100668009306F004130600029305A003138504847F
:10067800EF40E06B7945EF50D049956722C09387EA
:1006880097A441479306F004130600029305A003BC
:1006980013850484EF40A0697945EF50904781475E
:1006A80022C041479306F004130600029305A003F5
:1006B80013850484EF40A0671101C5BAEFF25F9E6D
:1006C800014422850904420441800147930600053C
:1006D80022868145EF40C04E0945EF50904393076D
:1006E800000AE310F4FEC1640144FD1422850904E4
:1006F8004204418026879306000522868145EF4003
:10070800204C0945EF50F0409307000AE310F4FE2F
:1007180069BAEFF2FF98C1677111FD1729653EC0EC
:100728004147814793064002130690039305E0036F
:10073800130585C2EF40A05F11016FF01F97EFF21C
:100748003F96370400208347840D71111304840DEC
:1007580085E3C167FD172D653EC041478147F146D6
:10076800130690029305200413058580EF40205C52
:10077800182085476311F702C167FD1729653EC038
:1007880041478147F146130690029305200413055B
:10079800057DEF40C059182089476311F702C167EA
:1007A800FD1729653EC041478147F146130690026F
:1007B8009305200413058579EF40605718208D476D
:1007C8006311F702C167FD1729653EC0414781479C
:1007D800F14613069002930520041305057DEF40AA
:1007E8000055182091476311F702C167FD172D6561
:1007F8003EC041478147F146130690029305200405
:1008080013058580EF40A052182095476311F70221
:10081800C167FD172D653EC041478147F146130664
:1008280090029305200413058580EF40405018205E
:1008380099476311F702C167FD172D653EC041470F
:100848008147F1461306900293052004130585801D
:10085800EF40E04D18209D476311F702C167FD176F
:100868002D653EC041478147F14613069002930526
:10087800200413058580EF40804B1820A1476311A1
:10088800F702C167FD172D653EC041478147F14614
:10089800130690029305200413058580EF40204934
:1008A8001820A5476311F702C167FD172D653EC0E3
:1008B80041478147F146130690029305200413052A
:1008C8008580EF40C0461820A9476311F702C16729
:1008D800FD172D653EC041478147F146130690023A
:1008E8009305200413058580EF4060441820AD4728
:1008F8006311F702C167FD172D653EC04147814767
:10090800F146130690029305200413058580EF40F5
:10091800004211016FF06FF9EFF28FF837040020F1
:100928009307840D9C3371111304840D85E3C1670B
:10093800FD1729653EC041478147F14613069002DD
:100948009305200413050576EF40603E183085476F
:100958006311F702C167FD1729653EC0414781470A
:10096800F146130690029305200413058572EF40A3
:10097800003C183089476311F702C167FD172965E4
:100988003EC041478147F146130690029305200473
:100998001305056FEF40A03918308D476311F70232
:1009A800C167FD1729653EC041478147F1461306D7
:1009B8009002930520041305856BEF4040371830EB
:1009C80091476311F702C167FD1729653EC041478A
:1009D8008147F1461306900293052004130585729A
:1009E800EF40E034183095476311F702C167FD17EF
:1009F80029653EC041478147F14613069002930599
:100A080020041305056FEF408032183099476311B1
:100A1800F702C167FD1729653EC041478147F14686
:100A280013069002930520041305856BEF402030D0
:100A380018309D476311F702C167FD1729653EC04D
:100A480041478147F1461306900293052004130598
:100A58008572EF40C02D1830A1476311F702C167B6
:100A6800FD1729653EC041478147F14613069002AC
:100A7800930520041305056FEF40602B1830A54738
:100A88006311F702C167FD1729653EC041478147D9
:100A9800F14613069002930520041305856BEF4079
:100AA80000291830A9476311F702C167FD172965A6
:100AB8003EC041478147F146130690029305200442
:100AC80013050568EF40A0261830AD476311F702FB
:100AD800C167FD1729653EC041478147F1461306A6
:100AE80090029305200413058564EF40402411010A
:100AF8006FF0AFDBEFF2CFDA370400209307840DF5
:100B0800BC2371111304840D85E3C167FD172965A2
:100B18003EC041478147F1461306900293052004E1
:100B280013050561EF40A020382085476311F702BF
:100B3800C167FD1729653EC041478147F146130645
:100B48009002930520041305855DEF40401E382070
:100B580089476311F702C167FD1729653EC0414700
:100B68008147F14613069002930520041305055AA0
:100B7800EF40E01B38208D476311F702C167FD176E
:100B880029653EC041478147F14613069002930507
:100B9800200413058556EF408019382091476311CA
:100BA800F702C167FD1729653EC041478147F146F5
:100BB800130690029305200413050561EF402017E2
:100BC800382095476311F702C167FD1729653EC0B4
:100BD80041478147F1461306900293052004130507
:100BE800855DEF40C014382099476311F702C1674B
:100BF800FD1729653EC041478147F146130690021B
:100C0800930520041305055AEF40601238209D47CC
:100C18006311F702C167FD1729653EC04147814747
:100C2800F146130690029305200413058556EF40FC
:100C380000103820A1476311F702C167FD17296525
:100C48003EC041478147F1461306900293052004B0
:100C580013050561EF40A00D3820A5476311F70281
:100C6800C167FD1729653EC041478147F146130614
:100C78009002930520041305855DEF40400B382052
:100C8800A9476311F702C167FD1729653EC04147AF
:100C98008147F14613069002930520041305055A6F
:100CA800EF40E0083820AD476311F702C167FD1730
:100CB80029653EC041478147F146130690029305D6
:100CC800200413058556EF40800611016FF0EFBD33
:100CD800EFF20FBD370400209307840DBC33711168
:100CE8001304840D85E3C167FD1729653EC041479C
:100CF8008147F14613069002930520041305055316
:100D0800EF40E002383085476311F702C167FD17ED
:100D180029653EC041478147F14613069002930575
:100D280020041305854FEF40800038308947631150
:100D3800F702C167FD1729653EC041478147F14663
:100D480013069002930520041305054CEF30307EFE
:100D580038308D476311F702C167FD1729653EC01A
:100D680041478147F1461306900293052004130575
:100D7800854FEF30D07B383091476311F702C16758
:100D8800FD1729653EC041478147F1461306900289
:100D98009305200413050553EF30707938309547D3
:100DA8006311F702C167FD1729653EC041478147B6
:100DB800F14613069002930520041305854FEF3082
:100DC8001077383099476311F702C167FD17296515
:100DD8003EC041478147F14613069002930520041F
:100DE8001305054CEF30B07438309D476311F70296
:100DF800C167FD1729653EC041478147F146130683
:100E08009002930520041305854FEF305072383057
:100E1800A1476311F702C167FD1729653EC0414725
:100E28008147F146130690029305200413050553E4
:100E3800EF30F06F3830A5476311F702C167FD172F
:100E480029653EC041478147F14613069002930544
:100E580020041305854FEF30906D3830A947631192
:100E6800F702C167FD1729653EC041478147F14632
:100E780013069002930520041305054CEF30306BE0
:100E88003830AD476311F702C167FD1729653EC0C9
:100E980041478147F1461306900293052004130544
:100EA800854FEF30D06811016FF02FA0EFF24F9F00
:100EB800370400209307840DDC2371111304840D7B
:100EC80085E3C167FD1729653EC041478147F14663
:100ED800130690029305200413058548EF3030650A
:100EE800582085476311F702C167FD1729653EC081
:100EF80041478147F14613069002930520041305E4
:100F08000545EF30D062582089476311F702C16761
:100F1800FD1729653EC041478147F14613069002F7
:100F28009305200413058548EF30706058208D47DD
:100F38006311F702C167FD1729653EC04147814724
:100F4800F146130690029305200413058548EF30F7
:100F5800105E582091476311F702C167FD17296594
:100F68003EC041478147F14613069002930520048D
:100F780013058548EF30B05B582095476311F70299
:100F8800C167FD1729653EC041478147F1461306F1
:100F980090029305200413058548EF3050595820D6
:100FA80099476311F702C167FD1729653EC041479C
:100FB8008147F146130690029305200413058548DE
:100FC800EF30F05658209D476311F702C167FD17AF
:100FD80029653EC041478147F146130690029305B3
:100FE800200413058548EF3090545820A147631119
:100FF800F702C167FD1729653EC041478147F146A1
:10100800130690029305200413058548EF303052EB
:101018005820A5476311F702C167FD1729653EC02F
:1010280041478147F14613069002930520041305B2
:101038008548EF30D04F5820A9476311F702C167A0
:10104800FD1729653EC041478147F14613069002C6
:101058009305200413058548EF30704D5820AD479F
:101068006311F702C167FD1729653EC041478147F3
:10107800F146130690029305200413058548EF30C6
:10108800104B11016FF06F82EFF28F81370400204F
:101098009307840DDC3371111304840D85E3C16754
:1010A800FD1729653EC041478147F1461306900266
:1010B8009305200413058541EF3070475830854764
:1010C8006311F702C167FD1729653EC04147814793
:1010D800F14613069002930520041305053EEF30F0
:1010E8001045583089476311F702C167FD17296514
:1010F8003EC041478147F1461306900293052004FC
:101108001305853AEF30B04258308D476311F70226
:10111800C167FD1729653EC041478147F14613065F
:101128009002930520041305053EEF30504011014D
:101138006FE0BFF7EFE2DFF6B70700201387870DF0
:101148007423254771111384870D6361D702C16722
:10115800FD1729653EC041478147F14613069002B5
:101168009305200413050537EF30703C7820A94714
:101178006311F702C167FD1729653EC041478147E2
:10118800F146130690029305200413058533EF30CA
:10119800103A11016FE07FF1EFE29FF03704002071
:1011A8009307840DFC3371111304840D85E3C16723
:1011B800FD1729653EC041478147F1461306900255
:1011C8009305200413050530EF30703678308547D5
:1011D8006311F702C167FD1729653EC04147814782
:1011E800F14613069002930520041305852CEF3071
:1011F8001034783089476311F702C167FD172965F4
:101208003EC041478147F1461306900293052004EA
:1012180013050529EF30B03178308D476311F70297
:10122800C167FD1729653EC041478147F14613064E
:1012380090029305200413058525EF30502F783050
:1012480091476311F702C167FD1729653EC0414701
:101258008147F146130690029305200413050522E1
:10126800EF30F02C783095476311F702C167FD170E
:1012780029653EC041478147F14613069002930510
:1012880020041305851EEF30902A783099476311A2
:10129800F702C167FD1729653EC041478147F146FE
:1012A80013069002930520041305051BEF30302820
:1012B80011016FE09FDFEFE2BFDE370400209307E4
:1012C800840D9C2771111304840D85E3C167FD17F4
:1012D80029653EC041478147F146130690029305B0
:1012E80020041305051BEF3090241824854763114B
:1012F800F702C167FD1729653EC041478147F1469E
:1013080013069002930520041305851EEF30302242
:10131800182489476311F702C167FD1729653EC084
:1013280041478147F14613069002930520041305AF
:101338000522EF30D01F18248D476311F702C167CB
:10134800FD1729653EC041478147F14613069002C3
:101358009305200413058525EF30701D1824914747
:101368006311F702C167FD1729653EC041478147F0
:10137800F146130690029305200413050529EF3062
:10138800101B182495476311F702C167FD172965DB
:101398003EC041478147F146130690029305200459
:1013A8001305852CEF30B018182499476311F702FC
:1013B800C167FD1729653EC041478147F1461306BD
:1013C80090029305200413050530EF3050161101E3
:1013D8006FE0BFCDEFE2DFCC370400209307840D28
:1013E8009C3771111304840D85E3C167FD172965C6
:1013F8003EC041478147F1461306900293052004F9
:1014080013058517EF30B012183485476311F702BA
:10141800C167FD1729653EC041478147F14613065C
:1014280090029305200413050514EF30501018346A
:1014380089476311F702C167FD1729653EC0414717
:101448008147F14613069002930520041305851081
:10145800EF30F00D18348D476311F702C167FD179F
:1014680029653EC041478147F1461306900293051E
:1014780020041305050DEF30900B183491476311C4
:10148800F702C167FD1729653EC041478147F1460C
:10149800130690029305200413058509EF303009DF
:1014A800183495476311F702C167FD1729653EC0D7
:1014B80041478147F146130690029305200413051E
:1014C8000506EF30D006183499476311F702C16753
:1014D800FD1729653EC041478147F1461306900232
:1014E8009305200413058502EF30700418349D47D6
:1014F8006311F702C167FD1729653EC0414781475F
:10150800F1461306900293052004130505FFEF30FA
:1015180010021834A1476311F702C167FD17296546
:101528003EC041478147F1461306900293052004C7
:10153800130585FBEF30A07F1834A5476311F70228
:10154800C167FD1729653EC041478147F14613062B
:10155800900293052004130505F8EF30407D1834F8
:10156800A9476311F702C167FD1729653EC04147C6
:101578008147F1461306900293052004130585FB65
:10158800EF30E07A1834AD476311F702C167FD17F1
:1015980029653EC041478147F146130690029305ED
:1015A8002004130505FFEF3080781834B147631124
:1015B800F702C167FD1729653EC041478147F146DB
:1015C8001306900293052004130585FBEF3020765F
:1015D8001834B5476311F702C167FD1729653EC086
:1015E80041478147F14613069002930520041305ED
:1015F80005F8EF30C0731834B9476311F702C167B3
:10160800FD1729653EC041478147F1461306900200
:1016180093052004130585FBEF3060711834BD472E
:101628006311F702C167FD1729653EC0414781472D
:10163800F1461306900293052004130505FFEF30C9
:10164800006F1834C1476311F702C167FD17296598
:101658003EC041478147F146130690029305200496
:10166800130585FBEF30A06C1834C5476311F702EA
:10167800C167FD1729653EC041478147F1461306FA
:10168800900293052004130505F8EF30406A1834DA
:10169800C9476311F702C167FD1729653EC0414775
:1016A8008147F1461306900293052004130585FB34
:1016B800EF30E0671834CD476311F702C167FD17B3
:1016C80029653EC041478147F146130690029305BC
:1016D8002004130505FFEF3080651834D1476311E6
:1016E800F702C167FD1729653EC041478147F146AA
:1016F8001306900293052004130585FBEF30206341
:101708001834D5476311F702C167FD1729653EC034
:1017180041478147F14613069002930520041305BB
:1017280005F8EF30C0601834D9476311F702C16774
:10173800FD1729653EC041478147F14613069002CF
:1017480093052004130585F4EF30605E1834DD47F7
:101758006311F702C167FD1729653EC041478147FC
:10176800F1461306900293052004130505F1EF30A6
:10177800005C1834E1476311F702C167FD1729655A
:101788003EC041478147F146130690029305200465
:10179800130585EDEF30A0591834E5476311F702BA
:1017A800C167FD1729653EC041478147F1461306C9
:1017B800900293052004130505EAEF3040571834CA
:1017C800E9476311F702C167FD1729653EC0414724
:1017D8008147F1461306900293052004130585E618
:1017E800EF30E0541834ED476311F702C167FD1775
:1017F80029653EC041478147F1461306900293058B
:101808002004130505E3EF30805211016FE0FF89D2
:10181800EFE21F89370400209307840DBC2771115C
:101828001304840D85E3C167FD1729653EC0414750
:101838008147F1461306900293052004130585DFBE
:10184800EF30E04E382485476311F702C167FD1772
:1018580029653EC041478147F1461306900293052A
:101868002004130505DCEF30804C382489476311C8
:10187800F702C167FD1729653EC041478147F14618
:101888001306900293052004130585D8EF30204AEB
:1018980038248D476311F702C167FD1729653EC0DB
:1018A80041478147F146130690029305200413052A
:1018B80005D5EF30C047382491476311F702C16757
:1018C800FD1729653EC041478147F146130690023E
:1018D80093052004130585D8EF30604538249547D3
:1018E8006311F702C167FD1729653EC0414781476B
:1018F800F1461306900293052004130505D5EF3031
:101908000043382499476311F702C167FD17296519
:101918003EC041478147F1461306900293052004D3
:10192800130585D8EF30A04038249D476311F7028E
:10193800C167FD1729653EC041478147F146130637
:10194800900293052004130505DCEF30403E38244F
:10195800A1476311F702C167FD1729653EC04147DA
:101968008147F1461306900293052004130585DF8D
:10197800EF30E03B11016FE04FF3EFE26FF2370415
:1019880000209307840DBC3771111304840D85E37F
:10199800C167FD1729653EC041478147F1461306D7
:1019A800900293052004130585D1EF304038383470
:1019B80085476311F702C167FD1729653EC0414796
:1019C8008147F1461306900293052004130505CEBE
:1019D800EF30E035383489476311F702C167FD17E6
:1019E80029653EC041478147F14613069002930599
:1019F8002004130585D1EF30803338348D476311C7
:101A0800F702C167FD1729653EC041478147F14686
:101A18001306900293052004130505CEEF302031FC
:101A2800383491476311F702C167FD1729653EC035
:101A380041478147F1461306900293052004130598
:101A480085D1EF30C02E383495476311F702C1674E
:101A5800FD1729653EC041478147F14613069002AC
:101A680093052004130505CEEF30602C38349947D0
:101A78006311F702C167FD1729653EC041478147D9
:101A8800F1461306900293052004130585D1EF3023
:101A9800002A38349D476311F702C167FD1729658D
:101AA8003EC041478147F146130690029305200442
:101AB800130505CEEF30A02711016FE00FDFEFE22D
:101AC8002FDE370400209307840DDC2771111304DF
:101AD800840D85E3C167FD1729653EC041478147ED
:101AE800F1461306900293052004130585CAEF30CA
:101AF8000024582485476311F702C167FD1729653B
:101B08003EC041478147F1461306900293052004E1
:101B1800130585CAEF30A021582489476311F702BD
:101B2800C167FD1729653EC041478147F146130645
:101B3800900293052004130585CAEF30401F5824EE
:101B48008D476311F702C167FD1729653EC04147FC
:101B58008147F1461306900293052004130585CAB0
:101B6800EF30E01C582491476311F702C167FD1755
:101B780029653EC041478147F14613069002930507
:101B88002004130505C7EF30801A582495476311C0
:101B9800F702C167FD1729653EC041478147F146F5
:101BA8001306900293052004130585CAEF30201808
:101BB800582499476311F702C167FD1729653EC08C
:101BC80041478147F1461306900293052004130507
:101BD80005C7EF30C01558249D476311F702C16748
:101BE800FD1729653EC041478147F146130690021B
:101BF80093052004130585CAEF3060135824A147C4
:101C08006311F702C167FD1729653EC04147814747
:101C1800F1461306900293052004130585CAEF3098
:101C280000115824A5476311F702C167FD172965FC
:101C38003EC041478147F1461306900293052004B0
:101C4800130585CAEF30A00E5824A9476311F7027F
:101C5800C167FD1729653EC041478147F146130614
:101C6800900293052004130585CAEF30400C5824D0
:101C7800AD476311F702C167FD1729653EC04147AB
:101C88008147F1461306900293052004130585CA7F
:101C9800EF30E00911016FE04FC193870182AA97E5
:101CA80098230DE3138701832A9718238546631227
:101CB800D70498A3B70700209387870DAA97238096
:101CC8000700828085476316F70293870183AA97E6
:101CD8009C236390E702B70700209387870D3E9502
:101CE8001C21FD1563D5B70085071CA18280230040
:101CF80005008280EFE2CFBA71112A84814793856B
:101D08000183B54613F7F70F018F3386B7001337F2
:101D1800170018A28507E397D7FE3147814763600C
:101D28008702216793172400130787D3BA979C4328
:101D38008287B14501459537EFE07FA0B147354629
:101D480093850183138501823EC0EFE08FBE8247F1
:101D58001385F7FFB70700209387870DA2979C2369
:101D680011011D8D133515006FE02FB4B1450545E0
:101D78002D37EFE07FBAD9B7B1450945393FEFE0D4
:101D88007FD76DBFB1450D45093FEFE07FF47DB7C3
:101D9800B14511451937EFF06F914DB7914515458C
:101DA800ED3DEFF06FAE914759BFAD451945F5359B
:101DB800EFF04FB8AD4761B79D451D45F93DEFF0D0
:101DC800AFBD9D47ADBF9D452145C13DEFF0AFCEAD
:101DD800CDBFF1452545D135EFF0CFDFF14785B7C8
:101DE800A54529455D3DEFF0BFA2A54789BFA1459F
:101DF8002D456535EFF07FB8A14791B7B14531451D
:101E0800693DEFF0DFCB1DBFEFE28FA971110147EC
:101E18009306B0036D46A1450D45EF20705AC16485
:101E28001387F4FF9306A0036946A5451145EF20E3
:101E380030591384F4FF296522C081472147B546EC
:101E48003546A145130585C0EF20706E296522C06F
:101E580081472147B5465D46A145130585BFEF205B
:101E6800106D296522C081472147B5461306100227
:101E7800A145130585C1EF20906B296322C0130586
:101E880083BE81472147B5461306B002A145EF201E
:101E9800106A2963130583BE22C081472147B546CE
:101EA8001306B002A145EF209068296522C09387E8
:101EB80004D22147A1461306100493051002130506
:101EC80005BEEF20D06693870480A96422C01385DD
:101ED80084BB2147A1461306700393051002EF2027
:101EE8001065A16722C0138584BBC1072147A1469D
:101EF8001306D00293051002EF207063138584BB8C
:101F080022C0930700282147A146130630029305F3
:101F18001002EF20D061296522C081474147C146A0
:101F2800254693051002130505BCEF2050601101EA
:101F38006FE0AF97EFE2CF96370400208324840741
:101F48006111EF50B01EA685EF502061B707002041
:101F580083A54707EF506032A685EF401035AD6284
:101F680083A5020E232CA406C164EF50005FEF5036
:101F7800D016931605011387F4FF6946C182A5455B
:101F88005D45EF20F0432D63832784078325430EA7
:101F98003E853EC0EF407031EF5030149316050176
:101FA8000245C18236C2EF5050139246931505017F
:101FB800138704806946C1815D45EF207040AD6795
:101FC80083A5870E03258407EF40302EEF50F010CD
:101FD800931505011387F4FF9306A0036946C18191
:101FE8005D45EF20F03DAD6283A5020E0325840711
:101FF800EF50A056EF50700E931605011387F4FFAB
:102008001D46C182A5451145EF20903B2D638327CE
:1020180084078325430E3E853EC0EF401029EF50CC
:10202800D00B931605010245C18236C2EF50F00A63
:10203800924693150501138704801D46C1811145F9
:10204800EF201038AD6783A5870E03258407EF407E
:10205800D025EF509008931505011387F4FF9306D8
:10206800A0031D46C1811145EF20903521016FE085
:10207800CF83994763E5A708EFE28F82416437036E
:10208800002051119304F4FF0E051303C3032A9390
:1020980026C00325030081471307000293060002A8
:1020A8005146930530071AC2EF207048296526C0AB
:1020B800930704D22147A1462D46930530071305FF
:1020C80005BEEF20D0469307D0025C84130704D2E4
:1020D800A68730008546AD451305C007EF30204878
:1020E8001243A687130704D2034673008946AD45F9
:1020F80013050008EF30700231016FD01FFB82809A
:10210800994763E8A710EFD2BFF9370400200E05FE
:102118001304C4032A9483A7C180482041113EC4F4
:10212800EF50100EA245EF504043AD6783A5C70E90
:10213800EF50A014A245EF4050173703002023A604
:10214800A1802AC648308324030DEF50700BA68562
:10215800EF50A040AD6783A5C70EEF500012A685CB
:10216800EF40B01437030020B704002083A7C40C45
:102178002328A30C68203EC44164EF507008A24590
:10218800EF50A03DAD6783A5C70EEF50000FA245E5
:10219800EF40B011AD6783A6070F324793070028B9
:1021A80023A6A40C3EC202C09307F4FF1306000244
:1021B8009305500313053007EF20705737030020AD
:1021C800AD660327030D83A6060FA167C1073EC2AC
:1021D80002C09307F4FF130600029305C00313051A
:1021E8003007EF20D054AD6603A7C40C83A6060FB2
:1021F800930704803EC202C09307F4FF130600024F
:102208009305300413053007EF20705241016FD059
:10221800DFE98280B70700208E059387C703AE9752
:102228001A21FC336366F7001D8F1AA105458280C9
:10223800EFD21FE7C16771111387F7FF29653AC00D
:10224800938707802147930600021306000293052F
:10225800300713058581EF20902D014511016FD0BE
:10226800DFE4EFD2FFE3B70700208E069387C703AA
:10227800B697D823D4333307A702E823B386B60228
:102288003305C50236973A95EF50406AAD6783A586
:10229800470FEF407037EF5040641375F50F6FD05C
:1022A800DFE0854763EDA702EFD29FDFC167FD1727
:1022B80071113EC013070002814793060002614670
:1022C8009305300709C9256513058571EF20302668
:1022D80011016FD09FDD256513058579C5BF828003
:1022E800BD4763EEA718EFD2BFDB7D151375F50F59
:1022F800B947711163EDA700A1679387C7D60A058F
:102308003E951841C167FD173EC081470287C167E6
:10231800FD1725653EC0130700028147930600029A
:1023280061469305000413058569EF2050201101CB
:102338006FD0BFD7256513070002930600026146D8
:102348009305000413058561CDB7256513070002C1
:102358009306000261469305000413058559F1B7F9
:1023680025651307000293060002614693050004E1
:10237800130585515DBF256513070002930600020A
:102388006146930500041305854945B7256513077C
:102398000002930600026146930500041305854177
:1023A80069B7256513070002930600026146930585
:1023B80000041305853995BF2565130700029306A8
:1023C800000261469305000413058531B9BF2565F0
:1023D80013070002930600026146930500041305E3
:1023E8008529A1B7256513070002930600026146F7
:1023F80093050004130585210DBF25651307000209
:10240800930600026146930500041305851931BF40
:102418002565130700029306000261469305000430
:102428001305851119B725651307000293060002E5
:1024380061469305000413058509C5BD2565130785
:102448000002930600026146930500041305850106
:10245800E9BD25651307000293060002614693054E
:102468000004130585F9D1B5256513070002930605
:102478000002614693050004130585F17DB582804D
:10248800EFD21FC27D151375F50F9547711163EDD6
:10249800A704A167938787DA0A053E951C4137048C
:1024A800002082878347840C09476388E706636AAC
:1024B800F702B9E7C167FD1725653EC04147814767
:1024C800C1465D4693058004130585EFEF2030066D
:1024D8008347840C85072304F40C014511016FD050
:1024E800DFBC0D476388E70441677D1793067002D8
:1024F80013068005DD4513058004EF20606CF1BFED
:10250800C167FD1725653EC041478147C1465D4605
:1025180093058004130585ED55BFC167FD17256533
:102528003EC041478147C1465D4693058004130577
:1025380085EB69BFC167FD1725653EC041478147E7
:10254800C1465D4693058004130585E9EF20207E8A
:102558002304040C054559B70347840C8947630DC8
:10256800F70463E0E702C167FD1705EF25653EC084
:1025780041478147C1465D4693058004130585E7B9
:10258800B1B78D47E312F7F6C167FD1725653EC061
:1025980041478147C1465D4693058004130585E59B
:1025A80075B725653EC041478147C1465D469305DD
:1025B8008004130585E519BFC167FD1725653EC071
:1025C80041478147C1465D4693058004130585E36D
:1025D800F5BD0347840C8947630DF70463E0E70200
:1025E800C167FD1705EF25653EC041478147C146D4
:1025F8005D4693058004130585E1C9BD8D47E31544
:10260800F7EEC167FD1725653EC041478147C146C2
:102618005D4693058004130585DF0DBF25653EC023
:1026280041478147C1465D4693058004130585DF10
:1026380071BDC167FD1725653EC041478147C14649
:102648005D4693058004130585DD49B50347840C71
:102658008947630DF70463E0E702C167FD1705EFDB
:1026680025653EC041478147C1465D4693058004C4
:10267800130585DBA1BD8D47E318F7E6C167FD1794
:1026880025653EC041478147C1465D4693058004A4
:10269800130585D565BD25653EC041478147C146BF
:1026A8005D4693058004130585D90DB5C167FD17EF
:1026B80025653EC041478147C1465D469305800474
:1026C800130585D721B50347840C8947630DF704A3
:1026D80063E0E702C167FD1705EF25653EC0414786
:1026E8008147C1465D4693058004130585D3F9BB30
:1026F8008D47E31BF7DEC167FD1725653EC04147DF
:102708008147C1465D4693058004130585CD3DBDCF
:1027180025653EC041478147C1465D469305800413
:10272800130585D165B3C167FD1725653EC04147CF
:102738008147C1465D4693058004130585CF79B36B
:102748008347840C1147E361F7DA21678A07130787
:1027580007DCBA979C438287C167FD1725653EC091
:1027680041478147C1465D4693058004130585E9C5
:10277800B1BB41677D179306700213068005DD45DE
:1027880013058004EF20C043E1B3EFD27F916111BC
:10279800AE8632C22D662AC08325460F884237048A
:1027A80000208344940CEF40D023824763530502F2
:1027B80081E40547A304E40C0345940CEFF05FCCD7
:1027C80005476315E5001147A304E40C21016FD008
:1027D800DF8D9C43AD6683A5860F3E853EC0EF40E6
:1027E800F016635FA00081E40547A304E40C0345E9
:1027F800940CEFF0FFC80547E31AE5FC0947E9B771
:10280800AD6683A5C60F0245EF40B01D635F0500A6
:1028180081E40547A304E40C0345940CEFF05FC67C
:102828000547E315E5FA0D4745B792478D469023CE
:10283800631FD60081E40547A304E40C0345940C08
:10284800EFF01FC40547E313E5F81547B5BF81C48A
:102858001947A304E40C0345940CEFF07FC2054725
:10286800E316E5F68346940C1947E391E6F6A304CC
:10287800040CA9BFEFD2DF82C1677111FD1725656E
:102888003EC021478147930600031306C003930502
:102898008003130585CAEF20804911016FD0FF809E
:1028A800EFD21F80C1677111FD1725653EC0130760
:1028B800000281479306000261469305300713051D
:1028C80085C2EF20C04611016FD02FFEEFD24FFD19
:1028D800C1677111FD1725653EC0130700028147C6
:1028E80093060002614693053007130585BAEF2069
:1028F800004411016FD06FFBEFD28FFA51110147DD
:10290800A9461306000A81450145EF20602B0147BF
:10291800930600051306000A930560040145EF209D
:10292800202A1305C008EF30D01E0147BD46130604
:10293800000AA9450145EF20A02801479306600435
:102948001306000A930510040145EF2060271305BC
:10295800C008EF30101C0147C9461306000ABD45E0
:102968000145EF20E0250147930610041306000AED
:102978009305E0030145EF20A0241305C008416436
:102988007D14EF301019A5648147130700029306E0
:10299800000261469305F006138584B222C0EF2039
:1029A800003913053002EF30D016228793068003D2
:1029B8001306F008E14513050006EF206020814763
:1029C800130700029306000261469305A0061385CB
:1029D80084B222C0EF20A03513053002EF30701307
:1029E8002287930680031306A008E1451305000615
:1029F800EF20001D8147130700029306000261467D
:102A080093056006138584B222C0EF204032130577
:102A18003002EF30101022879306800313066008F7
:102A2800E14513050006EF20A019814713070002AE
:102A380093060002614693053006138584B222C0CE
:102A4800EF20E02E13053002EF30B00C22879306FA
:102A5800800313063008E14513050006EF204016F1
:102A6800814713070002930600026146930510068A
:102A7800138584B222C0EF20802B13053002EF307B
:102A8800500922879306800313061008E1451305B1
:102A98000006EF20E01281471307000293060002A8
:102AA800614693050006138584B222C0EF202028D2
:102AB80013053002EF30F005B707002093870700B1
:102AC80002C23EC441641307F4FF93064003130691
:102AD800F005F1457945EF20A00E7D142165814769
:102AE8006147930610047146F9451305457E22C0D7
:102AF800EF20E02313053002EF30B0012165814754
:102B08006147930610047146F9451305057222C002
:102B1800EF20E02113053002EF30A07F21658147C7
:102B28006147930610047146F9451305C56522C02F
:102B3800EF20E01F13053002EF30A07D924722C03E
:102B4800414713952700A2479306C00313060002C6
:102B58003E9508418147FD45EF20601DEF00504D2F
:102B680075DD1247416499477D1463E8E71C8D477A
:102B780022C06311F712814713070002930600026F
:102B8800614693050006138584B2EF20401A1305A9
:102B98006004EF300078256581471307000293062B
:102BA8000002614693050006130585A222C0EF20A6
:102BB800001813056004EF30C075256581471307B9
:102BC8000002930600026146930500061305859AE4
:102BD80022C0EF20C01513056004EF30807325650F
:102BE80022C081471307000293060002614693053D
:102BF80000061305858AEF20801313056004EF3063
:102C0800407141647D142165814761479306100432
:102C18007146FD451305C56522C0EF204011130517
:102C28003002EF30006F2165814761479306100439
:102C38007146F9451305057222C0EF20400F1305B0
:102C48003002EF30006D216581476147930610041B
:102C58007146F9451305457E22C0EF20400D130546
:102C68003002EF30006B924785073EC21247A547F6
:102C7800E31AF7E422879306400313060006F1459A
:102C88007945EF10F07313056004EF308068310167
:102C98006FD0AFC125658147130700029306000274
:102CA800614693050006130585AAEF204008130521
:102CB8006004EF300066256581471307000293061C
:102CC8000002614693050006130585A222C0EF2085
:102CD800000613056004EF30C063256581471307BC
:102CE8000002930600026146930500061305859AC3
:102CF80022C0EF20C00313056004EF308061256512
:102D080081471307000293060002614693051006E7
:102D1800130585A222C0EF20800113056004EF305F
:102D2800405F814722C013070002930600026146F4
:102D380093050006138584B27DBD12479D47E312B3
:102D4800F7EC8147130700029306000261469305DA
:102D58000006138584B222C0EF10707D130560044D
:102D6800EF30205B256581471307000293060002B8
:102D7800614693050006130585AA22C0EF10307B33
:102D880013056004EF30E05825631305839A8147E3
:102D9800130700029306000261469305000622C04D
:102DA800EF10F07813056004EF30A05625638147D3
:102DB80013070002930600026146930510061305E7
:102DC800839A22C0EF10B07613056004EF30605488
:102DD800256522C081471307000293060002614659
:102DE800930500061305859239B5EFD26FAB5111E3
:102DF800EFD0DF8C0147A9461306000A814501453B
:102E0800EF10105C0147930600051306000A9305AE
:102E180060040145EF10D05A1305C008EF30604F29
:102E28000147BD461306000AA9450145EF10505950
:102E38000147930660041306000A93051004014530
:102E4800EF1010581305C008EF30A04C0147C946D1
:102E58001306000ABD450145EF1090560147930639
:102E680010041306000A9305E0030145EF105055BE
:102E78001305C008C164FD14EF30A04921648147DF
:102E8800130700029306000261469305F006130536
:102E980044ED26C0EF10B06913053002EF306047EB
:102EA8002687930680031306F008E14513050006FC
:102EB800EF10105181471307000293060002614684
:102EC8009305A006130544ED26C0EF1050661305C0
:102ED8003002EF3000442687930680031306A008CB
:102EE800E14513050006EF10B04D814713070002B6
:102EF80093060002614693056006130544ED26C05B
:102F0800EF10F06213053002EF30A04026879306D9
:102F1800800313066008E14513050006EF10504AC8
:102F280081471307000293060002614693053006A5
:102F3800130544ED26C0EF10905F13053002EF3003
:102F4800403D26879306800313063008E1451305A4
:102F58000006EF10F04681471307000293060002AF
:102F6800614693051006130544ED26C0EF10305C4A
:102F780013053002EF30E0392687930680031306E5
:102F88001008E14513050006EF1090438147130729
:102F9800000293060002614693050006130544EDFE
:102FA80026C0EF10D05813053002EF308036A947FD
:102FB8003EC2B7070020938707003EC4C164138749
:102FC800F4FF930640031306F005F1457945EF1029
:102FD800303FFD142165814761479306100471460F
:102FE800F9451305457E26C0EF10705413053002CD
:102FF800EF302032216581476147930610047146FE
:10300800F9451305057226C0EF10705213053002FA
:10301800EF302030216581476147930610047146DF
:10302800F9451305C56526C0EF1070501305300229
:10303800EF30202E924726C0414713952700A2471C
:103048009306C003130600023E9508418147FD45DB
:10305800EF10F04DEF00C07D75DD1247B9476307EB
:10306800F708C1642163FD14130543E5814713077D
:1030780000029306000261469305000626C0EF1081
:10308800104B13056004EF30C028216581471307F2
:10309800000293060002614693050006130545DD0C
:1030A80026C0EF10D04813056004EF308026216356
:1030B8008147130700029306000261469305000644
:1030C800130543E526C0EF10904613056004EF3062
:1030D8004024814726C01307000293060002614678
:1030E80093050006130544EDEF107044C164FD1408
:1030F800216581476147930610047146FD45130514
:10310800C56526C0EF10B04213053002EF306020CD
:10311800216581476147930610047146F9451305F7
:10312800057226C0EF10B04013053002EF30601E64
:10313800216581476147930610047146F9451305D7
:10314800457E26C0EF10B03E13053002EF30601CFC
:10315800924785073EC21247BD47E311F7E6268727
:103168009306400313060006F1457945EF105025F4
:1031780013056004EF30E01931016FC01FF3BD473C
:1031880063E7A700AD679387475CAA978823828087
:10319800EFC21FF171112E84B284B387A5006315A5
:1031A800F40011016FC07FF008203EC005041181B2
:1031B800EFF0FFFC88A00345F4FF8D043D89EFF094
:1031C8001FFC13070002238FA4FEA38FE4FE82478F
:1031D800F9B7EFC2FFEC1301C1BC2AC085476314DD
:1031E800F506AD6513066002938505100807EFC064
:1031F8005FF4416781477D179306500210078145A8
:10320800014537140140EF208035130404808945B7
:103218002285EF20502865DD37140140130404800F
:1032280089452285EF2030278547E30BF5FE3714C3
:1032380001401304048089452285EF20D02565DDEF
:103248000145EF10807E01442285EF005005138769
:103258000187229708A30504214713830187E315F3
:10326800E4FEB705002083C6C5070347030013849F
:10327800C5076398E6041430034713006393E60414
:10328800342003472300639EE602343003473300AB
:103298006399E6025420034743006394E6025430DE
:1032A80003475300639FE600742003476300639A53
:1032B800E6007430034773006395E6008247638233
:1032C8000748138681859385C5072145EFF05FEC94
:1032D80013860184938501872145EFF07FEBAD6567
:1032E8001306500993858512A815EFC09FE441671E
:1032F80081477D1793064009B01581450145B714EC
:103308000140EF20C0259384048089452685EF205D
:1033180090188547E30BF5FEB714014093840480A9
:1033280089452685EF20301765DD0145EF10E06FF0
:10333800AD6565469385051C4800EFC09FDFC164F5
:1033480081471387F4FFE146500081450145EF208E
:10335800002181477D47E14613868185D145014596
:10336800EF20E01FAD65130670029385C51D081098
:10337800EFC03FDC81471387F4FF9306600210100B
:10338800F9450145EF20A01D1383018718208347C5
:103398000300631CF7201830834713006317F720D6
:1033A8003820834723006312F720383083473300DF
:1033B800631DF71E5820834743006318F71E5830D3
:1033C800834753006313F71E782083476300631E07
:1033D800F71C7830834773006319F71C814713077C
:1033E800007EE14613860184930580020145EF20A3
:1033F8000017AD6513064007938545208811EFC077
:103408005FD3416781477D17930630079011930575
:1034180020030145B7140140EF2060149384048011
:1034280089452685EF2030078547E30BF5FEB7145D
:1034380001409384048089452685EF20D00565DD09
:103448000145EF10805EAD651306400B9385852717
:103458000807EFC01FCE416781471307078093060F
:10346800300B100781450145B7140140EF20200FAC
:103478009384048089452685EF20F0018547E30B76
:10348800F5FEB71401409384048089452685EF2012
:10349800900065DD0145EF104059AD651306000841
:1034A8009385C532C80AEFC0DFC841678147130753
:1034B80007809306F007D00A81450145EF20200ACE
:1034C800B7140140894513850480EF20C07C8547E7
:1034D8006302F50E9384048089452685EF20A07B3E
:1034E80065DD0145EF106054AD651306C00893858E
:1034F800C53AE80CEFC0FFC341678147130707804F
:103508009306B008F00C81450145EF204005B7143B
:103518000140894513850480EF20E07785476305DE
:10352800F5129384048089452685EF20C07665DDF1
:103538000145EF10804FAD651306900693858543CE
:10354800C818EFC01FBF416781471307078093065C
:103558008006D01881450145EF206000B71401406E
:10356800894513850480EF2000738547630CF514A3
:103578009384048089452685EF20E07165DD014547
:10358800EF10A04AAD65130650089385454AC80B4D
:10359800EFC03FBA416781477D1793064008D00BBB
:1035A80081450145EF10B07B01A0416781471307B2
:1035B800078005BDA14513850440EF20C06DE311C8
:1035C80005F0EF108046AD651306A0029385C5523D
:1035D800C80BEFC01FB641678147130707809306E2
:1035E8009002D00B81450145EF1070778144268504
:1035F800EF00605BB707080093840410938707F017
:10360800E397F4FE8144B30794008C232685850450
:10361800EF00C050A147E398F4FE61260145EF1082
:10362800C040AD651306E00393858555E80CEFC0EF
:103638005FB081471307007E9306D003F00C8145E5
:103648000145EF10D07101A0A14513850440EF207A
:103658008064E31E05EAEF10403DAD651306A00245
:103668009385C552C818EFC0DFAC4167814713077F
:10367800078093069002D01881450145B7040800D9
:10368800EF10F06D0144938404F0228513040410B4
:10369800EF006051E31B94FE0145EF100039AD6562
:1036A8001306E00393858555C80BEFC09FA8814793
:1036B8001307007E9306D003D00B81450145EF1018
:1036C800106A01A0A14513850440EF20C05CE317F0
:1036D80005E8EF108035AD651306C002938585595E
:1036E800A800EFC01FA5416781471307078093060D
:1036F800B002B00081450145EF1070660145EF004A
:10370800804A8144B30794008C2326858504392197
:10371800A147E399F4FE0145EF102031AD6513068A
:10372800E00393858555C80BEFC0BFA081471307F9
:10373800007E9306D003D00B81450145EF1030621F
:1037480001A0130141436FC05F96EFC27F955111ED
:10375800854513054002EF2010169947371401409C
:103768003EC085473EC28A859147130504803EC402
:10377800EF20004BF1478A85130504407C80EF2039
:10378800204A31016FC07F92EFC29F9137150140E7
:10379800914513050580EF20005003C7B18701EB61
:1037A80005476319E500A38DA1866FC01F90854664
:1037B8006304D7000145D5BF75FDA38D0186DDBF24
:1037C800EFC21F8E37150140894513050580EF208C
:1037D800804C03C7A18701EB05476319E500238DDA
:1037E800A1866FC09F8C85466304D7000145D5BF6D
:1037F80075FD238D0186DDBFEFC29F8A3715014015
:10380800914513050540EF20004903C7918701EB57
:1038180005476319E500A38CA1866FC01F898546FB
:103828006304D7000145D5BF75FDA38C0186DDBFB4
:10383800EFC21F8737150140A14513050540EF204A
:103848008045B707002003C7470801EB0547631900
:10385800E5002382A7086FC05F8585466304D7000B
:103868000145D5BF75FD23820708DDBFEFC25F8321
:1038780037150140C14513050540EF20C04103C776
:10388800818701EB05476319E500238CA1866FC08A
:10389800DF8185466304D7000145D5BF75FD238CBC
:1038A8000186DDBFEFC2CFFF5111AA8413050010B6
:1038B800368432C23AC42EC0FD248840EF40E0016D
:1038C8009375F50F13050010912C82478843EF403C
:1038D800C0009375F50F130510108924924713053E
:1038E80020108C23252C0E2013053010A1813D2497
:1038F8000C20130540101D24A247130550108C23DB
:10390800312C13050010612AEF40800F88C0130581
:1039180010107122EF40C00E824788C31305201093
:10392800BD2A924788A313053010952AAA84130547
:103938004010B522A204C98C06A013055010852298
:10394800A24788A331016FC04FF6EFC26FF551113E
:103958002AC4130500103284BA8436C02EC28122CC
:10396800EF40000AA24788C3130510100D2AEF4044
:103978002009924588C113052010152208A01305B7
:103988003010312A2A8413054010112A8246220455
:10399800498C82A213055010192288A031016FC0EA
:1039A800CFF0EFC2EFEF13050010F52A93052003BF
:1039B80013050010A5229305400613051010B92A17
:1039C800854513052010992A814513053010B92221
:1039D80093054006130540109122854513055010A4
:1039E800352A6FC08FECEFC2AFEBB71401402A84C1
:1039F8000146854513850440EF20A02A2285EF0063
:103A080010750546854513850440EF2080296FC051
:103A1800CFE9EFC2EFE81305B00AEFF0DFFC1305BA
:103A28004006EF20100F13056006EFF0DFFB1305CB
:103A38004006EF20100E13059009EFF0DFFA13058A
:103A48004006EF20100D6FC04FE6EFC26FE5371547
:103A580001400146854513050540EF2080241545A2
:103A6800EF00F06E37350140EF20C06D0145EF00E3
:103A7800106E854537350140EF20006D7DD937152B
:103A880001400546854513050540EF20802137355F
:103A98000140EF20206B1375F50F6FC00FE1EFC2E7
:103AA8002FE02A84EFF07FFA05896DFD3715014074
:103AB8000146854513050540EF20A01E0D45EF0082
:103AC8001069135504011375F50FEF00506813556D
:103AD80084001375F50FEF0090671375F40FEF006E
:103AE800106737350140EF20E0650145EF0030668B
:103AF800854537350140EF2020657DD937150140D0
:103B08000546854513050540EF20A01937350140C6
:103B1800EF2040631375F50F6FC02FD9EFC24FD850
:103B280093570501511193F7F70F3EC0935785003E
:103B380093F7F70F3EC29377F50F2A84AE843EC4FD
:103B48002285EFF0DFF56315950031016FC0EFD5E1
:103B5800EFF0BFEF05896DFD1945EFF0DFE8B71706
:103B680001401385074001468545EF20801309452C
:103B7800EF00F05D0245EF00905D1245EF00305D0B
:103B88002245EF00D05C2685EF00705CB717014036
:103B98000546854513850740EF20A010EFF0FFEAA2
:103BA80005896DFD71BFEFC2AFCF2A84EFF0FFE941
:103BB80005896DFD1945EFF01FE3B7140140014673
:103BC800854513850440EF20C00D13051008EF004C
:103BD8001058135504011375F50FEF00505713557E
:103BE80084001375F50FEF0090561375F40FEF006E
:103BF80010560546854513850440EF20800AEFF0EE
:103C0800DFE405896DFD6FC04FCAEFC26FC971113E
:103C1800EFC0DFAA01442285EFE08FECA1476318CB
:103C2800F402B7677900938747143EC0C167FD1750
:103C380001478D460A869305400213054002EF109E
:103C4800101213054006EF20C06C2544E9B7BD47A4
:103C5800630AF400130540060504EF20806B137413
:103C6800F40F55BF3706002003469608C167FD17B5
:103C7800014789469305400213054007EF10F049B4
:103C880013054006EF20E068B7040020EF00303A43
:103C9800EF00903BA545EFC02FC52386A408EF0091
:103CA800B03AA545EFC04FC4B7070020A385A708C1
:103CB800EF009039A545EFC02FC31375F50FB7076F
:103CC8000020370700200347B7082385A70883C7C4
:103CD800C408BA97AA971147E35AF7FAEFE09FB9D1
:103CE800EFF01FB51DC92285EFE08FDF13054006F1
:103CF800EF2020627D141374F40F9947E315F4FE46
:103D0800EFC0DF9BEFC0FFA0EFE00F9003C5F18786
:103D1800EFE02FB611016FC04FB9EF005031C9B7AE
:103D2800EFC20FB8EF20E05BEF10104AEF003061F0
:103D3800EFF03FCEEFF07FA10145EF00104F3715B0
:103D48000140894513050580EF10F07413351500FF
:103D5800EFF02FC841657D15EF00304D3704002086
:103D6800B7060020B7040020B7050020370500205B
:103D780013078408938666081386940893850509B3
:103D880013054509EFF07FBCEFC00FBCEFF05FAA49
:103D980035C983C794080547639AE7000347840831
:103DA8006316F700EFC09F91EFE01FB5EFF0FFE556
:103DB80037040020EF00B027EF001029A545EFC019
:103DC800AFB22306A408EF003028A545EFC0CFB155
:103DD800B7040020A385A408EF001027A545EFC06D
:103DE800AFB01375F50FB707002003C7B4082385D4
:103DF800A7088347C408BA97AA971147E35CF7FA5C
:103E08006FC0AFAAEF00B02251B7EFC26FA983C746
:103E1800218831116387075C0547639FE72A83C7B9
:103E2800118889EB0545EFD0FFEC83C711883E95D3
:103E3800A380A18883C711880547639AE71083C6C2
:103E4800F187B707002003C6A708B707002083C576
:103E5800B708B707002003C5C708EFE08FC0A5461D
:103E6800B70700202D6763FFA6040327070F23A8C1
:103E7800E708B707002083A747093AC43EC6EF30D2
:103E8800F02AB2452AC82245EF30206DC245EF30EE
:103E98004035A2476357A000C2453245EF20F040A5
:103EA800AA8737070020232AF7088947A380F188C3
:103EB8000945EFD03FE483C7118806053E95A380E6
:103EC800A18849A883A607090325070FB68536C424
:103ED800EF30A068AD6683A5460FEF3080302D67C0
:103EE800B7070020635FA004AD6783A5470F22458D
:103EF800EF20B03BB707002023A8A708B70700208A
:103F080083A747093EC4AD6783A5C70F2245EF3095
:103F1800E023635BA002AD6783A5C70F2245EF309E
:103F2800C063B707002023AAA7088D47A380F1889C
:103F38000D45EFD03FDC83C711883E95A380A1884B
:103F480039A80325070F4DBF13050000D9BF09473E
:103F5800E380E7F603C711888D47E30BF7FC03C737
:103F680011889147631BF72EEF00700CEF00D00DFE
:103F7800A545EFC06F97B70700202386A708EF0075
:103F8800B00CA545EFC04F9637070020A305A7083A
:103F9800EF00900BA545EFC02F951375F50FB707E8
:103FA80000202385A70837070020B707002003470C
:103FB800B70883C7C708BA97AA971147E356F7FA0D
:103FC800A380018823810188B707002003C5C7089B
:103FD8004164EF30F022AD6783A6870E930700286F
:103FE8002A873EC22D469307F4FF9305400202C07C
:103FF8001305A002EF00B073B707002003C5B70888
:10400800EF301020AD6683A6860EA167C1072A8708
:104018003EC22D469307F4FF9305E00202C0130544
:10402800A002EF00D070B707002003C5A708EF3043
:10403800301DAD6683A6860E130304801AC22A8734
:104048009307F4FF02C02D46930580031305A002D1
:10405800EF00F06D370600200346960801478946B1
:10406800D1459307F4FF1305D002EF10100BB707E3
:10407800002003A54709EF3050061375F50FEF3000
:104088003018AD6783A6070FC167138307802A8797
:104098001AC261469305D0039307F4FF02C00D4589
:1040A800EF00F068B707002003A50709EF30F0021A
:1040B8001375F50FEF30D014AD6683A6060FFD47D4
:1040C8002A873EC202C09307F4FF61469305400465
:1040D8000D45EF00D06571A20947370400206391B0
:1040E800E71C83C7E187D5EBAD6783A5C70F032519
:1040F8000409EF30A00563470514AD6783A5C70F12
:10410800B707002003A54709EF30400463410508BD
:104118002945EFD03FBE85476311F508B707002052
:1041280083A747093EC4AD6703A5070FA245EF3033
:10413800C0422D678325475DEF30A00AAD67635500
:10414800A004AD6783A5475D2245EF201016B70789
:10415800002023AAA708832704093EC4AD6783A5C6
:10416800875D2245EF30E007930700006359A00000
:10417800AD6783A5875D2245EF30203EAA872328B7
:10418800F4082381018811A803A5070FC9B72D4595
:10419800EFD05FB68547E306F5FE83C7E1873EC4E7
:1041A80022478547631BF70AAD6783A5C70F032519
:1041B8000409EF20B0796343050EAD6783A5C70FE7
:1041C800B707002003A54709EF2050786341050889
:1041D8002545EFD03FB2A2476311F508B707002085
:1041E80083A747093EC4AD67A24503A5070FEF3073
:1041F800C036AD6783A5C75DEF20B07EAD67635558
:10420800A004AD6783A5C75D2245EF20100AB70754
:10421800002023AAA708832704093EC4AD6783A505
:10422800C75D2245EF20F07B930700006359A0008B
:10423800AD6783A5C75D2245EF302032AA872328C2
:10424800F40849B33145A9B703A5070FC9B72D45E8
:10425800EFD05FAAA247E307F5D683C72188E38595
:1042680007D63706002003566608C167FD170147C1
:104278008D46930510041305A002EF10006AB705D8
:10428800002037050020138621889385050913052A
:104298004509EFE08FCF51016FB03FE131454DBF88
:1042A8000D47E390E7FCB707002003D7870963179A
:1042B800070E03C7018809EB1D45EFD0BFA303C74D
:1042C80001883A952380A188832704099305000073
:1042D8003E853EC4EF209067635CA00A2245EF301C
:1042E800807EAD6703A6875E83A6C75EEF20400584
:1042F800EF30D007B707002083A747092328A40871
:10430800930500003E853EC4EF2050646355A00825
:104318002245EF30407BAD6703A6075F83A6475F62
:10432800EF200002EF309004B707002023AAA70867
:10433800EF30A05A1375F50FEF30806CAD6741630D
:1043480083A6070F930703802A8761469305D00346
:104358003EC202C09307F3FF0D45EF00503D032511
:104368000409EF3080571375F50FEF306069AD66BB
:1043780083A6060FFD4741632A873EC202C0930702
:10438800F3FF6146930540040D45EF00503AF1B53F
:104398001305000085B71305000079B72145238070
:1043A8000188EFD03F958547E319F5EAB707002064
:1043B80003A5470923810188EF3020521375F50FB3
:1043C800EF300064B707002023AAA70803250409D3
:1043D800EF30A0501375F50FEF3080622328A40842
:1043E800E5B63707002083578709B9C7FD17231C8F
:1043F800F708AD6783A5C70FB707002003A507090E
:1044080037040020EF20F05DAD6783A5C70F63591F
:1044180005021145EFD01F8E03254409EF30A06A2D
:10442800AD6703A6875E83A6C75EEF107071EF3095
:10443800E073232AA40815B58D472381F18855BF59
:1044480003254409EF20F059635605001945EFD0BC
:104458007F8A21B50145E5BFEFB29FC46111C12E26
:1044680083D7C18789E703C5F187EFD07FC903D513
:10447800C187AD473305F502350542054181EFD0C7
:104488007FABEFF0EFB38547631AF504B707002059
:104498001307C012239CE70883C72188A1E383D7A9
:1044A800C1878946014763E6F60085071397070128
:1044B8004183239EE18641677D1793060005130615
:1044C800000A814513053007EF00806F83D7C18745
:1044D800639F071003C5F187EFD0BFB9EFF0CFAAEC
:1044E80085476318F504B70700201307C012239CFB
:1044F800E70883C7218895EF83D7C1870D4789C708
:10450800FD17139707014183239EE18641677D17B5
:10451800930600051306000A814513053007EF00CE
:10452800206A83D7C1876395070E03C5F187EFD04B
:104538005FB4EFF06FAC8547631AF502B707002048
:104548001307C012239CE70883C7218885E383D714
:10455800C1876390070E83C7F187194581C7FD1787
:1045680013F5F70FA38FA186EFD0BFB0EFF04FACD4
:104578008547AA84631BF502B70700201307C012FA
:10458800239CE70883C721888DE383D7C187639F6E
:10459800070A83C5F1873705002013056508EFD0A2
:1045A8007FC7631495002381A188EFF02FAC0547DE
:1045B800AA87631BE502370700209306C012231C55
:1045C800D70803C521880DE103D7C1876310071EEB
:1045D80083C7F18799466385D700850713F5F70FD9
:1045E800A38FA186EFD0FFA821016FB01FAC0547AC
:1045F8006397E70003C5E187EFD0BFCAC5B5094790
:104608006395E700EFE0CFA9D1BDEFE02FACF9B596
:1046180005476397E70003C5E187EFD09FC811BF3F
:1046280009476395E700EFE0AFA721B7EFE00FAACE
:1046380009B7E39DA7F283C7E18781C7FD1713F583
:10464800F70F238FA186EFD0DFC50DB76396A700BC
:1046580089472381F18891BF0947639DE710B70611
:10466800002083D76608239E0186130730386366C7
:10467800F700938727032393F60803D76608930761
:10468800403863F4E7002393F60837060020834494
:1046980096082D678325C70F850493F7F40FB70491
:1046A800002003A544093EC0A304F608EF20F06AE1
:1046B800930500002AC2EF20D03212476354050048
:1046C800130700003703002023AAE4082D67832579
:1046D800075E03250309EF205068930500002AC2EE
:1046E800EF203030124737030020B7060020370686
:1046F8000020635405001307000082472328E308BD
:10470800FD4537070020639AB7048545A304B6081A
:1047180083D5660823040708130530386366B50097
:104728009385251C2393B60803D56608930540385E
:1047380063F4A5002393B6081307870893866608D1
:10474800130696089305030913854409EFF08F951E
:10475800EFE0AFE9EFF06FCB89BD130787089386C9
:104768006608130696089305030913854409EFF0B4
:104778006F93CDB70D47E39AE7E237070020B706F6
:10478800002037060020B705002037050020130752
:104798008708938666081306960893850509130506
:1047A8004509239E0186EFF04F9A6DB7E31EF7E2A5
:1047B80083C7E1876385E700850713F5F70F238F24
:1047C800A186EFD01FAE0DB5EFB29F8D3111854593
:1047D8000545EF103010F1779387F7B705442C00A3
:1047E800370500407C8460862315010023170100EB
:1047F80023180100EF10F015854537050040EF102C
:1048080090220546854537050040EF10B020C16766
:10481800938767020A853EC022C2EF1080798545DA
:1048280037050040EF10B01951016FB01F8883C7DA
:1048380031881306200681466365F600850793F6DE
:10484800F70FA381D188828083C731882D6713072A
:10485800875F3E970823014693053006AA9793F78A
:10486800F70F3E8763E6E50011EAA381F1888280AD
:104878001307D7F91377F70F0546EDB7A381E1883A
:104888008280EFB2FF810565011185451305050397
:10489800EF1070029307000E3EC08544E1478A85F9
:1048A8003715014026C23EC4EF1080374144F14716
:1048B8008A853715014022C47C80EF1060368D4709
:1048C8008A85371501407C8022C4EF10603522C4E8
:1048D800371401408A85130504406480EF10403482
:1048E8000546914537150140EF10A03B0546A14507
:1048F80037150140EF10E03A130504400546854599
:10490800EF10203A0546894537150140EF10603908
:104918000546854537150140EF10A0389D4702C66A
:10492800FC869307401002CA7C876C00930700201E
:1049380037350140FC8302C802CCEF10807B8545E7
:1049480037350140EF10207E05616FB00FF6EFB2EA
:104958002FF5AA8537350140EF10807E8945373518
:104968000140EF10607E7DD993050008373501407E
:10497800EF10807D8547E309F5FE6FB00FF3EFB2C6
:104988002FF22A840146C14537150140EF106031E6
:104998009145371501400146EF10A030A285373503
:1049A8000140EF10E079894537350140EF10C079B3
:1049B8007DD99305000837350140EF10E078854729
:1049C800E309F5FE0546914537150140EF10602DC6
:1049D8006FB0AFEDEFB2CFEC2A840546C14537156D
:1049E8000140EF10002C9145371501400146EF10AA
:1049F800402BA28537350140EF1080748945373543
:104A08000140EF1060747DD99305000837350140E7
:104A1800EF1080738547E309F5FE05469145371584
:104A28000140EF1000286FB04FE8EFB26FE7711147
:104A38002A841305A002EFF09FF40145EFF09FF9D7
:104A48000145EFF03FF90145EFF0DFF81305F009F4
:104A5800EFF05FF81305B002EFF07FF20145EFF0D9
:104A68007FF76145EFF01FF70145EFF0BFF613053B
:104A78008006EFF03FF60146C14537150140EF10BB
:104A880040229145371501400146EF1080219305DA
:104A9800C00237350140EF10A06A8945373501401B
:104AA800EF10806A7DD99305000837350140EF1073
:104AB800A0698547E309F5FE0546C145371501405C
:104AC800EF10201E935784003EC081441374F40FE6
:104AD800824537350140EF10A066894537350140DA
:104AE800EF1080667DD99305000837350140EF1037
:104AF800A0658547E309F5FEA28537350140EF102B
:104B08002064894537350140EF1000647DD993054D
:104B1800000837350140EF1020638547E309F5FEAB
:104B28008D67850493870720E394F4FA0546914539
:104B380037150140EF10E01611016FB00FD7EFB233
:104B48002FD6EF10007AEFF0DFD30146A1453715D5
:104B58000140EF1000151305800CEF10807B05460F
:104B6800A14537150140EF10C0131305800CEF1055
:104B7800407A0545EFF0BFE013058007EF10607934
:104B88004545EFF0DFDF13058007EF108078130548
:104B9800A003EFF0DFDE13055005EFF0BFE31305C8
:104BA8006003EFF0DFDD1305800AEFF0BFE2014597
:104BB800EFF0BFE713059002EFF07FDC6FB0EFCEA8
:104BC800EFB20FCE3111B6873AC0B306A64033878D
:104BD800B7403EC6B387E6022A841305A002B28412
:104BE8002EC8FD143EC2FD873EC4EFF05FD91355B1
:104BF8008400EFF03FDE1375F40FEFF0BFDD13D53F
:104C080084401375F50FEFF0FFDC13F5F40FEFF0A8
:104C18007FDC1305B002EFF09FD6C245938485016F
:104C280013D584401375F50FEFF0DFDA13F5F40FA1
:104C3800EFF05FDAB2471384870113558440137588
:104C4800F50FEFF03FD91375F40FEFF0BFD8014619
:104C5800C14537150140EF10C00491453715014093
:104C68000146EF1000049305C00237350140EF10EC
:104C7800204D894537350140EF10004D7DD993050A
:104C8800000837350140EF10204C8547E309F5FE51
:104C98000546C14537150140EF10A0008247014481
:104CA8008144A1833EC6824793F7F70F3EC0A247CF
:104CB80063E0F402639597009247636BF40005463E
:104CC800914537150140EF00D07D51016FB0EFBD20
:104CD800B24537350140EF10A046894537350140C8
:104CE800EF1080467DD99305000837350140EF1055
:104CF800A0458547E309F5FE824537350140EF10A9
:104D08002044894537350140EF1000447DD993058B
:104D1800000837350140EF1020438547E309F5FEC9
:104D28009307140033B78700BA943E8449B7EFB2AB
:104D38002FB7130141FD3EC68357810361062AC47C
:104D48001305A002AE8436C0131406013AC23EC849
:104D5800EFF0FFC213D58400EFF0DFC793F7F40F2D
:104D68003E853ECAEFF01FC7824741803385F40075
:104D78007D1521851375F50FEFF0DFC58247937414
:104D8800F40F1387F7FFD2473385E7001375F50F44
:104D9800EFF05FC41305B002EFF07FBE1355840037
:104DA800EFF05FC32685EFF0FFC292473305F400AA
:104DB80021851375F50FEFF0FFC192473385F40095
:104DC8001375F50FEFF01FC10146C14537150140B6
:104DD800EF00306D9145371501400146EF00706CCA
:104DE8009305C00237350140EF10803589453735C6
:104DF8000140EF1060357DD9930500083735014033
:104E0800EF1080348547E309F5FE0546C14537159F
:104E18000140EF001069B24702470144A1833ECE2A
:104E2800C247A1833ECCA247BA973ED492476306B5
:104E3800F40E0247935734008546B387E702137789
:104E480074003397E6003ACA2247B304F7002257A2
:104E5800BA973ED0B24793F7F70F3ED2B9A89C2035
:104E68005247F98FB5E3E24537350140EF10402D41
:104E7800894537350140EF10202D7DD9930500086D
:104E880037350140EF10402C8547E309F5FE83458F
:104E9800010137350140EF10A02A89453735014017
:104EA800EF10802A7DD99305000837350140EF10AF
:104EB800A0298547E309F5FE85048257E391F4FAB2
:104EC8000504420441809DB7F24537350140EF1093
:104ED8002027894537350140EF1000277DD99305F4
:104EE800000837350140EF1020268547E309F5FE15
:104EF800925537350140EF10A024894537350140D8
:104F0800EF1080247DD99305000837350140EF1054
:104F1800A0238547E309F5FE45B7054691453715B2
:104F28000140EF0010581301C1026FB00F98EFB2A3
:104F38002F971301C1FD3EC6835701032EC036CCFF
:104F48003EC2835741033AC43EC8914763F6C750EF
:104F58002A841305E6FFB284EF20501DE2452ACAD1
:104F68002245EF10706AAA855245EF200031B167DB
:104F780083A50789EF107033EF20301693170501CA
:104F8800C1831305A0023ECEEFF07F9F1355840026
:104F9800EFF05FA49377F40F3E853EC4EFF09FA334
:104FA800330594007D1521851375F50FEFF09FA249
:104FB800A2471385F7FF26951375F50FEFF09FA10C
:104FC8001305B002EFF0BF9B824713858701218547
:104FD8001375F50FEFF01FA00080130584011375FA
:104FE800F50FEFF03F9F82471385D7012185137591
:104FF800F50FEFF03F9E1305D4011375F50FEFF091
:105008007F9D0146C14537150140EF009049914504
:10501800371501400146EF00D0489305C0023735E7
:105028000140EF10E011894537350140EF10C011FC
:105038007DD99305000837350140EF10E01085470A
:10504800E309F5FE0546C14537150140EF007045F7
:10505800924702C4A1833EC01C823EC282453735B6
:105068000140EF10E00D894537350140EF10C00DC4
:105078007DD99305000837350140EF10E00C8547CE
:10508800E309F5FE924537350140EF10600B89457D
:1050980037350140EF10400B7DD9930500083735AF
:1050A8000140EF10600A8547E309F5FEA24785072E
:1050B800C207C1833EC4E393F4FA82453735014001
:1050C800EF100008894537350140EF10E0077DD91A
:1050D8009305000837350140EF1000078547E309BD
:1050E800F5FE924537350140EF1080058945373583
:1050F8000140EF1060057DD9930500083735014060
:10510800EF1080048547E309F5FEB247FD14054416
:10511800A1833ECCC247A1833ECAB24793F7F70F9B
:105128003ED0F24763EE8732D24537350140EF1063
:105138002001894537350140EF1000017DD99305DD
:10514800000837350140EF1020008547E309F5FED8
:105158008345010137350140EF00907E8945373599
:105168000140EF00707E7DD9930500083735014076
:10517800EF00907D8547E309F5FE05044204418070
:10518800E34194FA824537350140EF00707B894549
:1051980037350140EF00507B7DD99305000837353E
:1051A8000140EF00707A8547E309F5FE92453735EF
:1051B8000140EF00F078894537350140EF00D0789D
:1051C8007DD99305000837350140EF00F077854712
:1051D800E309F5FE824537350140EF0070768945D1
:1051E80037350140EF0050767DD9930500083735F3
:1051F8000140EF0070758547E309F5FE92453735A4
:105208000140EF00F073894537350140EF00D07356
:105218007DD99305000837350140EF00F0728547C6
:10522800E309F5FEB247014493F7F70F3ED0930721
:1052380014007247C207C183636FF726D24537351A
:105248000140EF00F06F894537350140EF00D06F1E
:105258007DD99305000837350140EF00F06E85478A
:10526800E309F5FE8345010137350140EF00506D34
:10527800894537350140EF00306D7DD99305000829
:1052880037350140EF00506C8547E309F5FE930779
:1052980014000904634F9420824537350140EF001C
:1052A800306A894537350140EF00106A7DD993058A
:1052B800000837350140EF0030698547E309F5FEFE
:1052C800924537350140EF00B067894537350140D1
:1052D800EF0090677DD99305000837350140EF004E
:1052E800B0668547E309F5FE824537350140EF0092
:1052F8003065894537350140EF0010657DD9930544
:10530800000837350140EF0030648547E309F5FEB2
:10531800924537350140EF00B06289453735014085
:10532800EF0090627DD99305000837350140EF0002
:10533800B0618547E309F5FEB247014493F7F70FDB
:105348003EC6930714007247C207C1836360F71C07
:10535800D24537350140EF00B05E89453735014009
:10536800EF00905E7DD99305000837350140EF00C6
:10537800B05D8547E309F5FE8345010137350140F6
:10538800EF00105C894537350140EF00F05B7DD9AF
:105398009305000837350140EF00105B8547E309A6
:1053A800F5FE9307140009046340941682453735C7
:1053B8000140EF00F058894537350140EF00D058DB
:1053C8007DD99305000837350140EF00F057854730
:1053D800E309F5FE924537350140EF0070568945DF
:1053E80037350140EF0050567DD993050008373511
:1053F8000140EF0070558547E309F5FE01448544F7
:10540800824537350140EF00B053894537350140B3
:10541800EF0090537DD99305000837350140EF0020
:10542800B052E30A95FE924537350140EF005051DE
:10543800894537350140EF0030517DD99305000883
:1054480037350140EF005050E30A95FE0504A247A6
:1054580042044180E366F4FA130141026FA0FFC4DD
:10546800E24537350140EF00B04D894537350140F9
:10547800EF00904D7DD99305000837350140EF00C6
:10548800B04C8547E309F5FE825537350140EF00FA
:10549800304B894537350140EF00104B7DD99305D6
:1054A800000837350140EF00304A8547E309F5FE2B
:1054B800E9B13E84ADBBE24537350140EF005048C5
:1054C800894537350140EF0030487DD993050008FC
:1054D80037350140EF0050478547E309F5FE82550F
:1054E80037350140EF00D045894537350140EF0099
:1054F800B0457DD99305000837350140EF00D04409
:105508008547E309F5FE61B33E8425BDE24537359D
:105518000140EF00F042894537350140EF00D042A5
:105528007DD99305000837350140EF00F0418547E4
:10553800E309F5FEB24537350140EF007040894573
:1055480037350140EF0050407DD9930500083735C5
:105558000140EF00703F8547E309F5FE99B5EFA2DA
:105568003FB421113E849377F50F3EC893F7F50FAA
:105578003EC4B307D6003ECAC2473AC6B2843EC24A
:10558800D2476395F40061016FA03FB29C201307D6
:1055980090059387F7FD93F7F70F6364F7022D677C
:1055A8008A071307C765BA979C438287B247224682
:1055B8009245316522C021478D461305C588EFF015
:1055C8000FF79820A9476303F7349247910793F799
:1055D800F70F3EC285046DB73165B2472246924542
:1055E80022C021478D4613058588D1BF3165B24752
:1055F8002246924522C021478D4613054588C1B7EA
:105608003165B2472246924522C021478D4613058F
:10561800058875B73165B2472246924522C02147B1
:105628008D461305C58761BF3165B247224692454D
:1056380022C021478D461305858751B73165B2478A
:105648002246924522C021478D461305458785BFCE
:105658003165B2472246924522C021478D4613053F
:105668000587B1BF3165B2472246924522C021471E
:105678008D461305C586A1B73165B24722469245C6
:1056880022C021478D461305858615BF3165B2476F
:105698002246924522C021478D461305458605B707
:1056A8003165B2472246924522C021478D461305EF
:1056B800058631B73165B2472246924522C0214757
:1056C8008D461305C585E5BD3165B247224692452D
:1056D80022C021478D4613058585D5B53165B2476A
:1056E8002246924522C021478D4613054585C1BDF6
:1056F8003165B2472246924522C021478D4613059F
:10570800058575BD3165B2472246924522C02147BD
:105718008D461305C58465B53165B2472246924565
:1057280022C021478D461305858451BD3165B24796
:105738002246924522C021478D461305458441B52E
:105748003165B2472246924522C021478D4613054E
:105758000584B5B53165B2472246924522C0214736
:105768008D461305C583A1BD3165B24722469245D2
:1057780022C021478D461305858391B53165B2470F
:105788002246924522C021478D461305458305BD13
:105798003165B2472246924522C021478D461305FE
:1057A800058331BD3165B2472246924522C0214763
:1057B8008D461305C58221B53165B247224692450B
:1057C80022C021478D4613058582D5BB3165B24776
:1057D8002246924522C021478D4613054582C5B30E
:1057E8003165B2472246924522C021478D461305AE
:1057F8000582F1B33165B2472246924522C021475E
:105808008D461305C58165BB3165B2472246924571
:1058180022C021478D461305858155B33165B247AE
:105828002246924522C021478D461305458141BB3A
:105838003165B2472246924522C021478D4613055D
:105848000581B5BB3165B2472246924522C0214742
:105858008D461305C580A5B33165B24722469245EA
:1058680022C021478D461305858091BB3165B2471B
:105878002246924522C021478D461305458081B3B3
:105888003165B2472246924522C021478D4613050D
:10589800058035B32D65B2472246924522C021477F
:1058A8008D461305C57F21BB2D65B247224692451B
:1058B80022C021478D461305857F11B32D65B24758
:1058C8002246924522C021478D461305457FC5B91A
:1058D8002D65B2472246924522C021478D461305C1
:1058E800057FF1B92D65B2472246924522C021476E
:1058F8008D461305C57EE1B12D65B2472246924516
:1059080022C021478D461305857E55B9A247A907B0
:1059180093F7F70F3EC4C2476DB9EFA26FF81301B2
:1059280081FD3EC62AC02EC23AC4A94763E2D70207
:10593800AD6760089387477CB304D4003EC8631DF5
:105948009400B2472247924502452286EFF03FC1B4
:10595800130181026FA06FF53285A94536CC32CA92
:10596800EFA08FF87D1521475246E24693070003C2
:105978006369A700C2470A053E951C4182879307C1
:105988001003A38FF4FE3285A94536CAEFA00FF3A2
:10599800D2462A86FD1465B793072003DDB793071F
:1059A8003003C5B793074003E9BF93075003D1BF3E
:1059B80093076003F9B793077003E1B79307800370
:1059C800C9B79307900375BFEFA28FED1165111149
:1059D800854513050502C525930700027C80371508
:1059E8000140E1473EC48A858547130505403EC20C
:1059F800052CF16737440140938707203EC66C00A9
:105A0800B7070800130504803ECA02C8231C01001A
:105A1800EF003002854513050480EF00500B71013B
:105A28006FA0AFE801A0B707EFBE37E700E09387A4
:105A380007083CC701A0EFA2AFE6EFE0FFD8EFE010
:105A48002FAE03C7518885476316F700A3820188E4
:105A5800EFE0AFBB83C641880547E394E6FE2382A7
:105A68000188EFE07F9FF1BF130181FD3AC236C480
:105A780083C661883EC006D216D01ACE1ECC2ACA6A
:105A88002EC832C69307C00363EFD70283C7618865
:105A9800850793F7F70F2383F18805478545370571
:105AA80000402382E188EF000078925082527243CE
:105AB800E2435245C2453246A24612478247130185
:105AC800810273002030238301880547A382E1887F
:105AD800E9B7EFA2EFDC8946B72702403714024046
:105AE80094C31C403707FF68C17493E717001CC0B4
:105AF8005C40FD14F98F5CC01C403707D7FE6D175A
:105B0800F98F37071000D98F1CC01C403707FCFFDE
:105B18007D17F98F1CC05C40E58F5CC0B7079D00FE
:105B28001CC41C4C93E707021CCCB7170140938791
:105B3800074098431377F7F098C39843136707080B
:105B480098C394CBA5225C4037070001B706000232
:105B58005CC05C40E58F5CC05C405CC01C40D98F79
:105B68001CC0B71702409843758F75DFD843B71626
:105B78000240719BD8C3D84313672700D8C3214775
:105B8800DC42B18BE39EE7FEB7270240094798C382
:105B98006FA0AFD101A097B1FF1F9381A1D217C108
:105BA800FF1F1301A145176500001305E5E897A538
:105BB800FF1F9385A54417A6FF1F1306A65063FA77
:105BC800C5008322050023A0550011059105E3EACD
:105BD800C5FE17A5FF1F1305E54E93850189637759
:105BE800B500232005001105E36DB5FE8962938297
:105BF8000288739002308D427390428097A2FFFF13
:105C08009382C23F93E2320073905230EFF07FEC00
:105C180097020000938262E273901234730020307E
:105C2800944593F7060113F3F60081C7DC4133630B
:105C3800F30083D2050093F7F20FA9CF0C4161114D
:105C480022C226C08147930380023D449304800406
:105C580005473317F70033F6E2006310C70263976E
:105C6800760258C9139627003317C4001347F7FF65
:105C78006D8F3316C300B365E60085072147E399A6
:105C8800E7FC12440CC1824421018280E39C96FC0B
:105C980018C9C9BF82801C4533F5F5003335A0000B
:105CA800828019C20CC982804CC98280EFA24FBF82
:105CB800511185451305C00302C002C202C4E52E76
:105CC800B7F7FF1F03A74770B70652009386066011
:105CD8009377F7F06388D70A63E5F60CB7062400D4
:105CE80093860660638CD72063E0F604B70622002B
:105CF800938606606380D72863EFF600C1779387A1
:105D0800F7F0F98F3707200013070760639BE70058
:105D18009307900F35A8370723001307076063839D
:105D2800E72231016FA06FB8B7065000938606606E
:105D3800638FD71A63E2F604C1779387F7F07D8FF4
:105D4800B707400093870760E39DE7FC9307900E31
:105D5800371401407C808A859307800213050480EC
:105D68003EC4EFF0FFEB9307F0077C808A851305AC
:105D780004C0EFF0FFEA75B7370751001307076053
:105D8800E391E7FA93079006371401407C808A85EF
:105D980093078002130504803EC4EFF07FE8AD4707
:105DA800E9B73707640013070760E383E7F663631F
:105DB800F7063707620013070760E389E7F86366A9
:105DC800F70437075300130707606383E70E3707A5
:105DD800610013070760E396E7F493070008371498
:105DE80001407C808A8593078002130504803EC4A5
:105DF800EFF01FE3930740078A85130504C07C80F2
:105E0800EFF01FE29307800CBDA03707630013076C
:105E180007601DBF37177300130707806386E70203
:105E2800636BF7003717700013070780638AE7046E
:105E38003707710079BF3717740013070780E3929B
:105E4800E7EE9307000C61BF9307000C371401407D
:105E58007C808A8593078002130504803EC4EFF096
:105E68003FDC930740078A85130504C07C80EFF068
:105E78003FDB9307900C7C808A8537150140D5BDA0
:105E88009307000C371401407C808A8593078002B1
:105E9800130504803EC4EFF0BFD8930740078A85F6
:105EA800130504C07C80EFF0BFD79307B00CE1B7AF
:105EB80093079006371401407C808A8593078002F7
:105EC800130504803EC4EFF0BFD5AD478A8513059E
:105ED80004C07C80EFF0DFD49307C0028A853715B1
:105EE80001407C80EFF0DFD39307C006B9A0930789
:105EF800800C7C80930780023EC4BDBF9307900F3F
:105F0800371401407C808A8593078002130504803A
:105F18003EC4EFF0FFD09307F0078A85130504C04D
:105F28007C80EFF0FFCF9307900E8A8537150140EC
:105F38007C80EFF0FFCE9307D0087C808A8513051C
:105F4800044005BD9307900F371401407C808A8573
:105F580093078002130504803EC4EFF07FCC9307BB
:105F6800F0078A85130504C07C80EFF07FCB930788
:105F78006002ADB79307900F371401407C808A8583
:105F880093078002130504803EC4EFF07FC993078E
:105F9800F0078A85130504C07C80EFF07FC893075B
:105FA80000028A85371501407C80EFF07FC7B5472E
:105FB80069B703A78188854714216310F7021C314C
:105FC800639CE7023C219A0793E707F837E700E06C
:105FD80093F7F70F36972300F740054793D75600F6
:105FE8003317D700544189CE938707048A07B7E649
:105FF80000E0B69798C38280EDF33C219A07F9B781
:1060080093870706B7E600E08A07B69798C30F108C
:1060180000008280EFA2CF88371702405C43A14678
:106028002A84B18B6394D7085C43B777DC029387E3
:1060380007C01CC037160240544237070020130718
:10604800470B9182BD8A3697082358429375F50FFE
:106058001377070833D5A70001E73E85EFA00F8621
:1060680048C008C448C4B7170240DC438D46AD8316
:10607800FD8B13D737008A07F18BD98F13F63701B9
:1060880013F7370063F4C600138747FFB7170240BA
:10609800DC4363CA0700B70700209387070ABA974B
:1060A8008C23EFA0AF8108C86FA02F80B7376E018F
:1060B80093870760BDBF99C5371702401C4FC98F2A
:1060C8001CCF8280B7170240984F1345F5FF798D92
:1060D80088CF828099C5371702405C4FC98F5CCF43
:1060E8008280B7170240D84F1345F5FF798DC8CF86
:1060F80082801E218D669386060433F7D700B62169
:106108009E21D58FD621D58FF621D58F9625D58F6F
:10611800B625D58FD625D58FF625D58FD98F1EA133
:106128009E291EA982801E2189C593E707041EA106
:106138008280C207C18393F7F7FBC207C183C5BF3B
:106148004EA582804A2582800A256D8D3335A000B0
:106158008280B7370140938707C06306F500B70709
:106168000040631DF5021E21BA21C207C18393F7BF
:10617800F7F8D98FFA2193F7F7CFD98F1EA1DE212F
:106188005EB59E211EB5B7370140938707C06314DB
:10619800F5009C251EB985475EA98280B717004087
:1061A80093870780631CF5001E21BA21C207C183AB
:1061B80093F7F7F8D98F1EA1DE215EA58280B73745
:1061C8000140938707C09DC16306F500B7070040EB
:1061D8006317F5001E2193E717001EA139A0B71712
:1061E800004093870780E307F5FE82806306F50089
:1061F800B70700406319F5001E21C207C183F99B48
:10620800C207C183D9BFB717004093870780E31E31
:10621800F5FCDDB75E2501C6CD8F5EA5828093C5EE
:10622800F5FFED8FDDBF93C5F5FFC205C1810EA94E
:106238008280EF92FFE61629F577FD17FD8EFE2185
:10624800DA252111D58F1EA95625FD779387379F0B
:10625800FD8EDE212A84AE84D58F9625D58FB6256E
:10626800D58F5EA55E29C207C18393F7F7CFD98F73
:106278005EA94800EFF01FDAB7470140938707800F
:106288006315F404C24765453385A7028C408A0527
:10629800EF90DFE2930540062AC0EF903FE29314A7
:1062A8004500024593054006EF901FE4120593054B
:1062B800400613052503EF907FE03D89458D420593
:1062C80041810AA461016F905FDEB2476DBF5E2510
:1062D80089C50967D98F5EA5828079777D17F98F7F
:1062E800DDBFEF92FFDBB707002003A5C709B7158D
:1062F8007A0093850520EF907FDC1375F50F2387CF
:10630800A1889307803E3305F5022396A1886F90F4
:10631800DFD9B7F700E0D843799BD8C303D7C18842
:106328003307A70298CB23A40700984313671700E5
:1063380098C3D843058B75DF9843799B98C38280AF
:10634800B7071000FD17311133F7B7000E0726C441
:106358009354D501F58F13D34601D98C1317350003
:1063680022C68E0713D445019353D6013AC006C8F6
:106378001373F37F9302F07F1374F47FFD81FD8222
:10638800B3E7F30013173600630B531A93C61600CE
:10639800B3036440638FD510635770546302031EC0
:1063A800630A545293068003054663CA7602B70609
:1063B8008000D58FFD4663CE764093060002B386F3
:1063C80076403396D70033557700B316D700498EF9
:1063D800B336D000B3D37700558EB3847440824768
:1063E8003386C740B3B7C7009D8CB707800033F723
:1063F800F400630C0728FD17FD8C638D042826859F
:1064080032C22EC0EF10500C82451246930685FF0B
:10641800930700023385D7403355A6003397D4003D
:10642800598D3316D60063C38630818E8506958FC5
:106438003317F600B354D6003337E000458FB3174F
:10644800F50033E6E700B354D500014493777600AE
:1064580081CF9377F60011476388E70093074600DA
:1064680033B6C700B2943E86B7078000E58F638FC6
:10647800072605049307F07F6302F420B70780FF1F
:10648800FD17E58F1393D7010D82A6073363C30069
:10649800B1831374F47F13F7150052045D8C9317BE
:1064A800F7015D8CC240A2853244A2441A8551018D
:1064B8008280635C705C6318031AB3E6E70063824A
:1064C80006261386F3FF630C063C6381532C1305E1
:1064D800800385466347C502B283FD4663CA764496
:1064E8001306000233067640B396C700335577008B
:1064F8003316C700C98E3336C000B3D37700D18EA8
:106508009E9482473386F600B336D600B694B70712
:106518008000E58F638B071605049307F07F630FF0
:10652800F414B70780FFFD17E58F13571600058A87
:10653800518F1396F701598E93D4170001BFB3E218
:10654800E70093031480638E02046380D506638298
:10655800030C6300041C131336001397D70113535D
:1065680033003363E3008D83B685B367F300638735
:10657800071001471304F07FB7070800014331BF34
:10658800B3E6E700638F06189386F3FF6389063244
:10659800638E531E130580030546E342D5E4B68394
:1065A80011BD93C61600E394D5FA63880318631BDC
:1065B80004269303F07F8246C58E638406401385C4
:1065C800F3FF630E052C9306F07F638DD324130627
:1065D800800385466347A602FD4663C2A644024679
:1065E80093060002898EB353A600B392D4003316E3
:1065F800D6003336C000B3E6720033D5A400D18E7E
:10660800AA973386E600B336D600B384F6001A8418
:10661800FDBD130314001373E37F6314031893126F
:10662800350033E3E700B3E25400631004266389BE
:106638000234630E03360243B382F4403306E34068
:106648003335C300B382A2403705800033F5A2007A
:106658006305054033066740858F3337C700B38429
:10666800E740B685E5B363035412130680038546F5
:10667800E34976E8B7068000D58F85B513F715008E
:106688001304F07F8147014309BD13757600E312B7
:1066980005DCEDA032852EC232C0EF10E062930611
:1066A8008501FD4702469245E3D4D7D661153315D7
:1066B800A60063C38618338686409306160063DEF9
:1066C800D73A0516930700023356C500638AF600C9
:1066D80093070004958FB317F500B337F0005D8E6C
:1066E800137576000144E31605D649A813533600FE
:1066F8009397D4011307F07F33E3670093D73400EF
:10670800E305E4E6B207B1831374F47F13F71500C9
:1067180069B39303F07F8245C58DF9EDBE843AC015
:10672800B68582471E8413D33700D9B7370780FF51
:106738007D17158CB374E50011BB9306140013F391
:10674800E67F6314031013133500B3E6640015E8FD
:1067580063880628B3E6E700638E06283306E3005D
:10676800A69733376600B384E70037058000658D48
:1067780011C5B70780FFFD17FD8C054432C0A28301
:106788004DB76383062CD98FE39507DE13133500C5
:106798009397D401135333003363F30093D7340032
:1067A800E9B302433385F4403306E3403333C3008F
:1067B800330565403703800033736500631D030AA2
:1067C8003363A600AA84E31A03C201470144814740
:1067D800E9B1938603FE13060002B3D6D700638996
:1067E800C3001306000433067640B397C7005D8FD5
:1067F8003336E000558EE5B61385F3FF630E0518B2
:106808009305F07F6383B32013068003B685635B2B
:10681800A60E05463306C7403337C700B384E740A2
:106828001A84E1B6131336001397D70113533300B4
:106838003363E3008D8315BBB70780FFFD17E98F2E
:106848001393D701158C8D8375BD1306F07FE387ED
:10685800C6E20246A69736843305E6003337C500FC
:10686800BA9705811396F701498E1D8993D41700AD
:10687800E31105BE21B70246858FB6853306C740AA
:106888003337C700B384E7408DBE639F0212631C91
:10689800031C01471304F07FB7070800FDBE8246BA
:1068A800A69705443386E6003337D600B384E7005D
:1068B800B7078000E58FE38A07DC09449DB182466B
:1068C800B387F44005443386E64033B7C600B38443
:1068D800E74021BE0E051393D4010D813363A30055
:1068E80093D7340059B1E38603D233058340AA8392
:1068F800E30304E2130680036346A6183706800004
:10690800D18CB685FD4663C8A604024493060002EE
:10691800898E3396D400B352A400B316D4003366DC
:106928005600B336D00033D5A400558E898FDDB517
:10693800138603FE9306000233D6C7006389D3008B
:1069480093060004B3867640B397D7005D8FB336BD
:10695800E000D18E7DB6930605FE13060002B3D67D
:10696800D400630AC50013060004098E0245339655
:10697800C400498E32C002463336C000558E59BD18
:10698800E30503E4131736001393D7010D8333632C
:10699800E3008D83B685BDB30246858FB685330681
:1069A800C7403337C700B384E74005443DBC93175D
:1069B80035008D831393D4013363F30093D73400E8
:1069C80091B3BE843AC0B1BBE31503BA931735003F
:1069D8008D831393D4013363F30093D7340071B6D6
:1069E800131336001397D701135333003363E300AF
:1069F8008D8309BB131335009397D40113533300C8
:106A08003363F30093D73400F5B9131736001393A3
:106A1800D7010D833363E3008D83B685B9B693063A
:106A280005FE9302000233D6D400630A550093068C
:106A38000004898E0245B396D400C98E36C08246BA
:106A4800B336D000D18E75BE131736001393D70115
:106A58000D833363E3008D8309BE33635600968448
:106A6800E31E03D09DB3131736001393D7010D838C
:106A7800336367008D83B685CDBC93070002958F7D
:106A880001476DBAB685054671B3E38803CA330575
:106A9800834019E0AA8305B6130680038546E342BE
:106AA800A6B6B7068000D58C05BE41113707800011
:106AB8007D1793D6750126C293547501B377A70045
:106AC80022C46D8F93F4F40F1354F50106C613F521
:106AD800F60FFD818E070E073386A4406301B404C8
:106AE800635FC00031ED630E07109306F6FF638BFA
:106AF800062A9305F00F630AB616368689A861C27E
:106B0800330695406399041CFDCB9306F6FF638515
:106B1800062C1303F00F630866143686E1A2A286DA
:106B28006357C01471C19305F00F6380B414B7059F
:106B380000044D8FED4563D6C51E8507268689A0BE
:106B48009306F00F6383D412B7060004558FED4502
:106B5800854663CDC50093060002918EB316D70013
:106B68003356C7003337D000B366E600958F370732
:106B78000004B3F6E700D5E613F77700268651C37D
:106B880013F7F70091466303D7009107370700040E
:106B98007D8F25CB130516001307F00FA286630E11
:106BA800E506139767001375F50F2583B240224455
:106BB8005E05598DFE069244558D4101828093866B
:106BC800140093F6E60F63930614D9E8638207204E
:106BD80075CB3385E740B7060004E98E6382062249
:106BE800B307F7402E848DA809CF9305F6FF63837A
:106BF800051A1305F00F630AA6062E8625BF2E84F4
:106C0800BA871307F00F8D836310E60CC9CF81464E
:106C18001305F00F3707400051BF1305F00F014768
:106C280071B77D17B3F6E700368536C0EF10C00997
:106C380082466D15B396A60063409506058D9307A9
:106C48001500130700021D8F3397E600B3D7F6002F
:106C58003337E000D98F014613F7770015F33DB7B6
:106C6800639707144DD72E84BA878D8345B729C2F9
:106C780033069540FDE4C9D79305F6FF638C0510EC
:106C88001303F00FE30266FE2E86ED4563D5C512A9
:106C9800930717002A86EDB5B70700FCFD17338662
:106CA800A440F58F55BFA2861305F00F0147FDBD1F
:106CB800138614009375E60FCDEDE5E8638307129C
:106CC800631307128D830146A60713D79700137520
:106CD800F60FA286E1BD9306F00FE306D5F8B706D6
:106CE8000004D58F6D438546634DC30093060002AB
:106CF800918EB396D70033D6C700B337D000B366AA
:106D0800F600B307D740AA842E8495B5B386E7402A
:106D180037060004758E3DEA81FA81460145014730
:106D280071B593050002918DB315B7003357C700AD
:106D38003336B000518FBA97370700047D8FE30DC3
:106D480007E2138614001305F00F0147E300A6E6D7
:106D5800B706007E13D71700FD16858B758FD98F60
:106D6800E5BD9305F00FE301B5F0B7050004CD8F3D
:106D780029BF9305F00FE302B6EA3E979357170031
:106D880093F67700E39E06DE8D833DBFB306F7409A
:106D98002E8459BDBA97370700047D8F094685446C
:106DA80045FBD9BB998F8544D9B3E38F07EAE31034
:106DB80007E68D83A1BD93050002918DB395B700B9
:106DC800B3D7C7003336B000D18FBA97AA84ADB70E
:106DD80029D72E84BA87FDB5B307F7402E8485449A
:106DE80079B3BA87C5B5BA97B7060004FD8E0146D0
:106DF800C1DE370700FC7D17F98F05468D83E9B59D
:106E0800AA8701DD8D83C9B51301C1FD93577501AB
:106E180026CC9316950006D022CE93F7F70FAE84B2
:106E2800A5821357F501E1C31306F00F6382C70C5F
:106E38008E0637060004D18E138317F80144814269
:106E480093D774019395940093F7F70FA581FD806C
:106E5800B5CB1306F00F6383C70A8E053706000407
:106E6800D18D938717F80145BD4333469700330307
:106E7800F34063EE831A97530000938363A10A04D7
:106E88001E941C409E9782879307F00F01478250FB
:106E9800724413957701598D7E06E244518D130192
:106EA800410282808D476389F2008547639DF20E17
:106EB8002A8681470147E1BF01469307F00F37074C
:106EC8004000F1B7D9E913641400B5473346970079
:106ED800E3EC87FA975500009385859F0A042E9462
:106EE8001C40AE978287A1EA11440143854289BFBD
:106EF80095EE21441303F00F894299B795E1136485
:106F080024007514AD4533469700E3E485FA175518
:106F180000001305659F0A042A940C40AA958285EF
:106F2800136434009307F00F0D453DBF314413033C
:106F3800F00F8D4231B736853AC236C0EF00D058CF
:106F480082469307B5FF1247B396F6009307A0F859
:106F58003383A74001448142E5B52E851AC836C659
:106F680016C43AC22EC0EF00305682459307B5FFCB
:106F78001247B395F5009307A0F8898FA242B2464D
:106F880042430145D5B5130313F089473A85E39B7E
:106F9800F2F02A869307F00F0147D5BD8D47E30D20
:106FA800F5F02685AE862A869307F307635FF0021D
:106FB80013F7760019C713F7F60091456303B70076
:106FC800910637070008758F19C7B70700F8FD172E
:106FD800FD8E930703081307E00FE347F7EA1397BB
:106FE8006600258393F7F70F5DB5854599C79D8D95
:106FF8006D4581470147E34CB5E81307E30933972B
:10700800E6003337E000B3D7B600D98F13F777001F
:1070180019C713F7F70091466303D700910737079D
:1070280000047D8F630D0710854701478DB5C16743
:1070380093945500FD1713D70401E58F3AC03EC25B
:1070480063FEB60A3685BA8532C81AC636C4EF90CA
:10705800EF869247A24632434246B302F5022A849B
:10706800B6877D13814682453E8532CA36C816C624
:107078001AC4EF906F87C246B24293170501D58FA5
:107088002243524663F85700A6979306F4FF63F32A
:10709800970A36848245B38757403E8532CA1AC854
:1070A8003EC6EF90AF81924782452AC4B303F502EA
:1070B800B2473E851EC2EF902F8392439316050177
:1070C800A2424243524663F17602B3879600B3B5B3
:1070D800D7001385F2FFBE8699E563F67700F912AB
:1070E800B386970011A0AA8213170401B3867640CD
:1070F80033675700B336D000D98E7DB5824593D714
:1071080016003E8532CA1AC836C63EC4EF801FFB39
:10711800B24692475246FE06B302F5024243A247E0
:107128002A84C18289B726852A8661B30146370732
:107138004000B1BBE3FF57F47914A697A1BF9A07A3
:1071480013D797008147A1B32685A1B513567501BA
:10715800370780007D1793D675011376F60F130352
:10716800F00FB372A7009357F5016D8F13F5F60F63
:10717800FD8163056602630A650005EA09E939C30A
:10718800639E0204A1C92E85828039E719E2E38B48
:1071980002FE6399B7009DCF3E858280639E0202FE
:1071A8006305C50205459DE782806DDDE39CB7FE5A
:1071B800E34AC5FEE341A6FEE36657FE0145E3EC5C
:1071C800E2FC8280E39002FE828019E7E39CB7FC30
:1071D800014582807D55828079558280E38EB7FC97
:1071E800D1B713567501370780007D1793D67501FF
:1071F8001376F60F1303F00FB372A7009357F50138
:107208006D8F13F5F60FFD8163066602630A65004C
:1072180005EE11E929CB639F0204B9C92E85828046
:10722800094501EB19E2E38A02FE638BB7020545C3
:10723800A1E38280639C0202E31BC5FE094575FB3E
:10724800E397B7FE014582807DD1E392B7FEE34024
:10725800C5FE6347A600E36C57FC0145E3FBE2FC6F
:1072680081CB3E858280E39402FC8280094582803E
:107278007D558280E381B7FE5DBF011126CA935414
:1072880075011316950006CE22CC93F4F40F2582CF
:107298009356F501638704109307F00F6388F41081
:1072A8000E06B70700045D8E938414F801478142E7
:1072B80093D775011394950093F7F70F2580FD81F7
:1072C800E9C71305F00F638FA704938717F83705ED
:1072D80000040E04498C3385970093041500294354
:1072E80026C08147634CE30E33C3B60089469A83B0
:1072F80063C9E6047D17854563E9E514638ED70AFB
:1073080005471E836391E70681478143F240624443
:1073180013957701336575007E03D24433656500A4
:10732800056182801385F40F49CC9384041033C31C
:10733800B60026C013673700A9449A8363C6E420C1
:107348008D4785463397E6009376075399CE89474C
:107358006384F2068D476384F20296870547328478
:107368001E83E383E7FA0245A1A29376072481EA04
:107378001377870879CBAE832286BE82C9BF0143C3
:107388009307F00FB703400051B759E026859304DF
:10739800150013671700294326C08547E356E3F411
:1073A80035A821E611478144854219B715EA2147D6
:1073B8009304F00F8942EDBD1E839307F00F8143BC
:1073C800B1B7938704103EC0136727002943B94318
:1073D8008947E35BE3F02D47E38FE3F8B68385BF86
:1073E80031479304F00F8D42E1B532852EC436C281
:1073F80032C0EF00700D02469307B5FF9304A0F862
:107408009246A2453316F600898C014781424DB554
:10741800228532C816C63AC42EC236C0EF00D00A3A
:107428009307B5FF3385A4401305A5F822479304B5
:1074380015008246294326C03314F4009245B2420F
:1074480042468147E352E3EA51BFC1631387F3FF22
:107458009356060193520401798E618FB305C702D2
:107468003387E60293D705013386C2023A96B2976C
:10747800B386560263F3E7009E9641667D1633F79E
:10748800C700F18D42072E971316670013D4070122
:107498006983B337C0003694D98F1A045D8CB70757
:1074A8000008E18F91C702459357140005885D8C49
:1074B8009307F5076350F0041377740019C713771F
:1074C800F40091466303D700110437070008618F61
:1074D80019C7B70700F8FD177D8C93070508130730
:1074E800E00F634AF7049313640093D3930093F770
:1074F800F70F29BD054799C71D8FED468147814381
:10750800E3C6E6E01305E5093315A400B357E40024
:107518003337A000D98F13F7770019C713F7F7008F
:1075280091466303D7009107370700047D8F01CB8D
:1075380085478143E1BB9307F00F8143C1BB9A079D
:1075480093D397008147D9B33D450143B703400022
:10755800E30EA7DAAD438D47BDBD37078000411163
:1075680093D675017D17B377A70022C46D8F135486
:10757800F50126C206C6935475011303F00F13F5DF
:10758800F60F93F4F40FA2868E07FD8113163700C9
:107598006303650493C515003387A440630FB400E3
:1075A8006356E03035E1630C06149306F7FF638EEB
:1075B8000628630F67023687A9A86355E0306DC9AE
:1075C80063886402B70500044D8EED4563DFE5125C
:1075D800850726878DA8138714F045E693C51500FF
:1075E8006301B40E630A0718638604102E84B287F9
:1075F8008D83937614001305F00FBDCB81461305D8
:10760800F00FB7074000ADA0E38464FEB70600049E
:10761800558EED45854663CDE50093060002998EAB
:10762800B316D6003356E6003337D000B366E6000B
:10763800958F37070004B3F6E7006391061093F6B9
:1076480077002687CDCE93F6F70011466383C600F0
:107658009107B7060004FD8EDDC205071306F00F7B
:10766800937614006308C70C9A071375F70FA58360
:10767800B24022445E055D8DFE069244558D41015F
:107688008280E311B4F631C3639F041A1307F00F25
:10769800B5C79305F7FF638705121303F00F63045B
:1076A800671A6D476359B71A930716002A8761BF8F
:1076B80039C69305F7FF63870510E30B67F22E873A
:1076C80029B701C7E1D4814725B7138714009375FB
:1076D800E70F63940514639704166385071A631507
:1076E800061A8D830147A607A5831375F70F9376AE
:1076F8001400BDBF1307F00FFDE72E84B287930671
:10770800F00F8D83E307D7EEF9BF93050002998D3B
:10771800B315B600B335B0003356E6004D8EB297B8
:10772800370700047D8F01DF138714001306F00F5D
:107738006312C70A1305F00F81471DBF7D177D8FA0
:107748003A853AC0512302476D15B316A70063491D
:107758009504058D93071500130700021D8F3397B5
:10776800E6003337E000B3D7F600D98F014793F628
:107778007700E39A06ECF1BD138714001377E70F3F
:107788001DE7CDE8E5CF31DE3387C740B7060004F3
:10779800F98E63880610B307F64001472E84C1BFEF
:1077A800B70700FCFD173387A440F58FC9B73387A7
:1077B800C740B7060004F98ED1E259F38146014566
:1077C80081477DB5B297B7060004FD8E0947854409
:1077D800E38706E63706007E93D617007D16858B6D
:1077E800F18ED58F69B79306F7FFC1C61303F00F63
:1077F8002E84630A6704ED45054763CCD50013075B
:107808000002158F3397E700B3D6D7003337E0006F
:10781800558FB307E640AA8429BD9305F00FE30B03
:10782800B7F03E969357160093F67700E39D06E06F
:107838008D8355BD91EFE30306DC4DBB3307F6405E
:107848002E84FDBD91E7B28765B3918F8544D5B38A
:10785800E30006DA65B3130700020D8F3397E700DC
:10786800B3D5B700B337E000DD8DB387C500AA8470
:1078780045BDB307F6402E84854465BB21D22E84CE
:10788800B28785B5B287B1BDB297B7060004FD8E41
:107898000147D9DE370700FC7D17F98F8D8305472F
:1078A80099B509DFBA878D83014735BDE30607EC33
:1078B800B30695403687E38104E437070004D98F7F
:1078C8002E8415BFE30307E0B305954099E02E87A2
:1078D800C1B337070004D98FE9B3135775013706C9
:1078E80080009307F6FF1377F70F9305E007B3F6C9
:1078F800A7009357F501014563D3E50091C3828042
:107908009307E0097D55E3CCE7FE93055009B3E7FB
:10791800C60063D7E5001305A7F63395A700828054
:1079280013056009198D33D5A7008280511106C44B
:1079380022C226C021C11357F541B344A700998C30
:10794800AA87268513D4F7014126AA861305E009DC
:10795800B307D54013076009634BF7022147638BD0
:10796800E608138586FF3397A4002607258313F5B9
:10797800F70F21A0014401450147A2409317F401E4
:1079880012445E05598D82445D8D31018280130752
:1079980090096344F70415471386B6FF6384E6002D
:1079A800B394C400370600FC7D1693F5740033F7D2
:1079B800C40099CDBD889145638CB4001107B70503
:1079C8000004F98D91C51305F009718FB307D540EF
:1079D8001A07258313F5F70F4DB71387B601154618
:1079E8003397E400158E33D6C4003337E000B36410
:1079F800E6004DBF13979400258313056009B5BFB2
:107A080021C1511122C206C42A847D2CAA861305DD
:107A1800E009B307D540130760096348F702214717
:107A2800638DE608138586FF3317A4002607258390
:107A380013F5F70FA24012445E05598D310182807B
:107A4800014501475E05598D8280130790096349F6
:107A5800F70415471386B6FF6384E6003314C400A1
:107A6800370600FC7D16937574003377C40099CDF2
:107A78003D889145630CB4001107B7050004F98DE2
:107A880091C51305F009718FB307D540A240124480
:107A98001A0713F5F70F25835E05598D310182808A
:107AA8001386B60115473316C400158F3336C00048
:107AB8003357E4003364E60065B713179400258351
:107AC8001305600985BF9357750193F7F70F4111A7
:107AD8009386170022C41317950006C693F6E60F7F
:107AE80025831354F5018DC29356370093870738C1
:107AF80076071315F401B2402244D207D58FC98FF7
:107B0800BE853A85410182808DEB21C73A853AC00E
:107B1800652AA947024763C5A704AD46898E93071E
:107B28005501B356D7003317F70093079038B206BC
:107B3800898FB18293F7F77F6DBF19CF93563700BE
:107B4800B7070800DD8EB2067607B1829307F07F8B
:107B58004DB78147814671BF9307F07F814651BF7A
:107B6800930655FFB316D7000147C1B793D7450110
:107B780093F7F77F9396C50013871700A5821356CE
:107B8800D5011377E77FFD81558E1313350005C3A3
:107B9800938607C81307E00F6353D7049307F00FC2
:107BA8000147DE0733E5E700FE054D8D8280336728
:107BB800660081EB2DCB01472607258393F7F70F46
:107BC800CDB79307F00F71DF9307F00F3707400029
:107BD800DE07814533E5E700FE054D8D8280635C55
:107BE800D004131765003337E0000E061353D30192
:107BF800518F3367670093777700F1C39377F70066
:107C08001146638EC70A1107B7070004F98FD5C359
:107C18009387160093F7F70F0147DE0733E5E70070
:107C2800FE054D8D828081470147DE0733E5E70079
:107C3800FE054D8D82802557E3C7E6FE7947370557
:107C48008000158FFD42498E63DFE2027955B30645
:107C5800D54013050002B356D6006308A7009387E2
:107C680027CA3316F6003363C30033376000558FD5
:107C780093777700B1C39377F70091466399D7025A
:107C88000D83814715BF938727C8B316F300B33612
:107C9800D000B317F600D58F3357E3005D8F937785
:107CA80077008146A1FF0D837D15698FDDBD110722
:107CB80081460D83B68709B71A072583DDB51A07EC
:107CC800258393F7F60FF1BDC1676375F502933706
:107CD800051093C717008E07130700021D8F335531
:107CE800F50097470000938727C5AA97882333058F
:107CF800A7408280B7070001637FF500C14733556D
:107D0800F50097470000938727C3AA978823414720
:107D18003305A7408280E1473355F50097470000B7
:107D2800938787C1AA97882321473305A740828074
:107D38003A1D0000741D0000801D00008C1D00000D
:107D4800981D0000A41D0000B21D0000C01D000009
:107D5800CE1D0000DA1D0000E81D0000F61D000021
:107D6800041E00003C23000052230000682300008A
:107D78007E23000094230000AA230000C0230000F3
:107D8800D6230000EC230000022400001824000081
:107D98002E240000442400005A240000702400000F
:107DA800AC24000060250000DA25000054260000FD
:107DB800CE2600004827000060270000222500008A
:107DC80008250000BC2400007A27000000000000FD
:107DD800000000000000008070989868283060A0BB
:107DE800408080808000000000000000000000004B
:107DF800000000000000FF00FF00882828B0404174
:107E080005FE02FE01FF0100000000000000000066
:107E180000000000FE01FE8180704830000001FC77
:107E280002FD02FD02010000000000000000000049
:107E38000000020203060404040911172844407FC5
:107E4800443B0403000000000000000000000000A4
:107E58000000000000807098986828303050A0C05A
:107E680040404080808000000000000000000000CA
:107E78000000000000FF00FF0088282850A0200212
:107E8800FF01FF00FF0000000000000000000000EC
:107E980000000000FF00FF8080304870000000FEF6
:107EA80001FE01FE010000000000000000000000CB
:107EB800000000020302040404050913141422211B
:107EC8003E231C030000000000000000000000002A
:107ED80000000000FC06E62A2A4C4C54549898A846
:107EE80028F030F000000000000000000000000052
:107EF80000000000FF00FF0044949428280800FFB9
:107F080000FF00FF0000000000000000000000006B
:107F180000000000FF00FF8080304870000000FF74
:107F280000FF00FF0000000000000000000000004B
:107F3800000000000704040808090911111212239F
:107F4800203F201F0000000000000000000000008B
:107F5800000000000000000024F62CFEF29E00083D
:107F6800FE48FE244C00482AFEFE84FC007E4A346B
:107F780000487A4000087C480098A078000000007B
:107F880000000000000000000000000000547C8891
:107F98007AFA8800FC96FC3E84FC0092927E12FEDF
:107FA80012004030FA84D02000000000BE0000001B
:107FB8007E4A340098A07800306850000206040019
:107FC80000000000000000000000927084BEAC8435
:107FD80000080804FE08080000807E2AAAFE00FCAB
:107FE80096FC3E84FC00A4FE10FC92D0003816FCDF
:107FF800FE1C3400B4F49EDEF49C00000000000077
:108008000000000000000000007A9292929EC000DA
:10801800B4AA00EAA6A800A4FE1482FE0200927484
:1080280080B4BE84009094D4BE549000382894FE46
:10803800C6B40000000000000000000000000000BE
:108048000000000000000000000000000000000028
:10805800101090F0901000C0B0E0F0E0A000C04018
:10806800A0F030A0000000000000000000000000A8
:1080780000000000000000000000000000000000F8
:1080880000000000000000000000000001010007DF
:1080980000010001000707000100010104070605AF
:1080A80000000000000000000000000000000000C8
:1080B800000000000000101090F0901000B0E0A048
:1080C800E020E000908020F0B02000F050A00040B8
:1080D800D0000040E04000C000C000404030E0A0B8
:1080E800A000804020D0000000A0F020F0B02000C8
:1080F8000000010100070001000403040704070051
:10810800040304070704000302010002030200003D
:108118000302000405030006030407000600040622
:108128000504020400010702070202000000000023
:1081380000000090A000A0F0200080A0A0F0A08087
:1081480000908020F0602000804020D00000008057
:10815800A0A0F0908000909090F0909000101010E7
:10816800D0301000000000000000000000000004F3
:1081780003040505040004040605020400040304BE
:1081880005050400040605040204000004050702AE
:1081980001000404020304040000000407000000B6
:1081A8000000000000000000000000000000F04097
:1081B800800040D000000000000000000040705027
:1081C800D070400050F050F0405000407050D070D7
:1081D800400050F050F04050000000000000000047
:1081E800000000000000000000000300030002037C
:1081F8000200050300000000000403040705040052
:108208000507010502050004030407050400050726
:108218000105020500000000000000000000000049
:10822800000000000000000000000000000000D076
:1082380000E0F0A0F000D000E0F0A0F000C040A006
:10824800F030A00010302000000000000000000006
:108258000000000000000000000000000000000016
:1082680000000000000000000000000701050701F1
:1082780007000701050701070001010407060500BB
:1082880000000000000000000000000000000000E6
:1082980000000000000000000000000000000000D6
:1082A80000000000F050F0F090F000F0D050D070D6
:1082B800D00040C070D0D0B00060A020B0A0600056
:1082C80000F00000000000000000000000000000B6
:1082D8000000000000000000000000000000000096
:1082E8000501050501050007070505020500040548
:1082F800030607000000030505040600000200004D
:108308000000000000000000000000000000000065
:10831800000000000000000000000040D0A0F0A015
:10832800A000507050F070500050F050F0405000D5
:108338000000000000000000000000000000000035
:108348000000000000000000000000000000000025
:1083580000000000000000000700070700000701F8
:1083680001070507000507010502050000020000D6
:1083780000020000000200000000000000000000F1
:1083880000000000000000000000000000000000E5
:108398000000FE2A3AFE12F200403EA0C47E800091
:1083A800AAFE2ABE48AA00D44CBEBE2ABE00A4FE1D
:1083B8007E9E92DE00000000000000000000000029
:1083C8000000000000000000000000000000FC9415
:1083D800680090F4800010F890003040F0002828E1
:1083E80058DC282800685410DCD8100010FC90FCD9
:1083F8004898000000000000000000000000000095
:108408000000000000000000000000000000000064
:1084180000000000008000008000800080000080D4
:1084280000800000000000000000000000000000C4
:108438000000000000000000000000000000000034
:108448000000000000000000000000000000000024
:108458000000000000000000000000000000000014
:108468000000000000000000000000000000000004
:1084780000000000000000000000000000000000F4
:1084880000000000000000E060E0F020B00040D0F4
:108498000070E02000000000000000000000000064
:1084A80000000000000000000000000000000000C4
:1084B80000000000000000000000000000000000B4
:1084C8000000000505050502050000070401070175
:1084D800000002000000020000000200000000008E
:1084E8000000000000000000000000000000000084
:1084F800000000222212FE122200967C94FC84FCCA
:1085080000927084FEF6840008FE10FE10100090A1
:10851800C8A49A4080007C547CA8FE080008FC7E11
:10852800BA6EA80000000000000000000000000073
:108538000000000000000000000000FE82BABA82BD
:10854800FE00A4AC64FEACA40000400000004000A3
:1085580000004000000000000000000000000000D3
:1085680000000000000000000000000000000050B3
:10857800F050F040500040F0606090500010705093
:10858800F070100000E080F0E00000B08050D0D023
:108598005000D000101010F0000000000000000093
:1085A80000000000000000000000000507010502AF
:1085B8000500010701070701000505070705050074
:1085C8000704040704070004030504050500070061
:1085D8000000040700000000000000000000000088
:1085E80000000000908020F060200020E0B0E0F063
:1085F8005000407050D0704000F050A00040D000B3
:108608000040E04000C000C000C040A0F030A00022
:108618000000000000000000000000000000000052
:108628000403040505040002040706030400040308
:10863800040705040003020100020302000003020C
:1086480000040503000101040706050000000000FE
:1086580000000000FE010101010101010101010109
:1086680001010101010101010101010101010101F2
:1086780001010101010101010101010101010101E2
:1086880001010101010101010101010101010101D2
:108698000101FE0000FF00000000000000000000D3
:1086A80000000000000000000000000000000000C2
:1086B80000000000000000000000000000000000B2
:1086C80000000000000000000000000000000000A2
:1086D800000000E01B047F80808080808080808094
:1086E8008080808080808080808080808080808082
:1086F8008080808080808080808080808080808072
:108708008080808080808080808080808080808061
:10871800808080807F0000000000000000000000D2
:108728000000000000000000000000000000000041
:108738000000000000000000000000000000000031
:10874800F0080808080808080808080808080808B9
:10875800080808080808F0000000000000000000F1
:108768000000000000000000000000000000000001
:1087780000000000000000000000000000000000F1
:1087880000FF0000000000000000000000000000E2
:1087980000000000000000E01B04000000000000D2
:1087A80000000000000000000000000000000000C1
:1087B80000000000000000000000000000000000B1
:1087C8000000070808080808080808080808080832
:1087D800080808080808080807000000000000004A
:1087E8000000000000000000000000000000000081
:1087F8000000000000000000000000000000000071
:108808000000000000000000000000000000000060
:1088180000000000000000804040800000000000D0
:108828000000000000000000000000000000000040
:108838000000000000000000000000000000000030
:108848000000000000000000000000000000000020
:1088580000000000000000003F4040201B04000012
:108868000000000000000000000000000000000000
:1088780000000000000000000000000000000000F0
:1088880000000000000000000000000000000000E0
:1088980000000000000000000000000000000000D0
:1088A8000000000000E010080402020202020101B8
:1088B80001020202020204186080000000000000A9
:1088C80000000000A05F0000FC1277780808187408
:1088D800732106F8000000000047B80000000000FF
:1088E8000000000003040808E019E5020202020281
:1088F80002C20101061CE808080403000000000089
:10890800000000000000000001027F828282FC82D9
:10891800828382FE020201000000000000000000C5
:1089280000000000C0300804040202020101010135
:108938008101010102020C10E000000000000000AB
:1089480000000020DF0000FC422728280808141334
:10895800101182FC80402020E738C0000000000091
:1089680000000000010E10907112CA0602040402F1
:10897800010101E0201008080807000000000000BD
:10898800000000000000000304047F848482FE824B
:10899800828281FF0000000000000000000000004B
:1089A8000000000000C020180402020202020201B6
:1089B8000202020202020C106080000000000000A7
:1089C80000000000FC030000F8444F480808484431
:1089D800430204F80000000000037C80000000004F
:1089E800000000000102749C0805C622020202026F
:1089F80002014181020408089C6202010000000093
:108A0800000000000000000001037E828284FC84D4
:108A1800828282FE030101010000000000000000C4
:108A28000000000000E01008040202020202010136
:108A38000102020202020418608000000000000027
:108A480000000000A05F0000FC02777808080874A6
:108A5800730106F8000000000047B800000000009D
:108A6800000000000304C8281009E50202020202FF
:108A780002C2010106040818E8040300000000000F
:108A8800000000000000000101027F828282FC8257
:108A9800828283FE02020201000000000000000042
:108AA8000000000000F00C02020181010101010137
:108AB800818101010101010204F8000000000000A9
:108AC8000000000008F700007E819D9E0404041F3A
:108AD8001C8081827C00000000F30C000000000074
:108AE8000000000000030404F40CE4020102020187
:108AF80001C10202040C14E4040300000000000099
:108B0800000000000000000003027F828281FF81D4
:108B1800828382FE020201000000000000000000C3
:108B28000000000000E018040202810101010101B7
:108B3800818101010102020C10E000000000000028
:108B48000000000010EF00007E813B3C0404043A62
:108B5800390001827C00000000E7180000000000D6
:108B680000000000000708C83808E50301020203F6
:108B780001C10102040818E808070000000000000D
:108B8800000000000000000102027F828282FE8253
:108B9800828382FE02020101000000000000000042
:108BA800423E4B7E235E00125A3E7F1A12007D40E1
:108BB800527F7F5200403E4A7F5E4A00000000001C
:108BC80010543D147D1400425E6B7F5E420049499B
:108BD8003F097F09004938425F5642000000000003
:108BE80000000000000000080808080C08004949B7
:108BF800293F494900000000000000000000000073
:108C0800000000000000000000000000000000005C
:108C18000000000018080C20200C081800000000B4
:108C2800047E517F375000127A17761E12007D405D
:108C3800527F7F5200403E4A7F5E4A00000000009B
:108C480010543D147D14005A55026F6A0200424EBA
:108C58002A7F4E42004938425F5642000000000019
:108C680000000000808000088888080C0800494936
:108C7800293F4949000080402010080402000000F4
:108C880000000200010D1C1C0D01000200040C185C
:108C98003030180C0603000000000000000000003F
:108CA800A4FE9CFE749C00020202FE1222003C24D8
:108CB80024FE243C0054F2A4FAFEAE00403EA0C4B8
:108CC8007E8000B4AA00FE9CAA00B4AA00D49E34F8
:108CD800FE0101810181010101818181352D01FEA2
:108CE8001F20272047804720232424242020201FBA
:108CF800FE0101010101E1519929C97D090101FE26
:108D08001F20202245894721212120202020201FA3
:108D1800FE010181C1211111111121C9950901FE1D
:108D28001F20212243864A2A2A2A26232221201F5D
:108D3800FE01E111494911F1090105550D0101FE35
:108D48001F202F284585482F282525282F20201F1C
:108D5800FE01C1A191B191D1A1C901C901C901FE09
:108D68001F202324488848282423202F202F201F11
:108D7800FE01C1A191B191D1A1C901C901C101FEF1
:108D88001F202324488848282423202F202F201FF1
:108D9800FE01C1A191B191D1A1C901C101C101FED9
:108DA8001F202324488848282423202F202F201FD1
:108DB800FE01C1A191B191D1A1C101C101C101FEC1
:108DC8001F202324488848282423202F202F201FB1
:108DD800FE010101C131010119212141010101FEF9
:108DE8001F20202040804422222122202020201FD2
:108DF800FE0101010181413101314181010101FE81
:108E08001F20202040804221212122202020201FB5
:108E1800FE0101412121190101016181010101FEC8
:108E28001F20202040844222242820212020201F87
:108E3800FE010101619111211909F101010101FEF0
:108E48001F20202040804122222120202020201F76
:108E5800FE01010101E11111211111E1010101FEE0
:108E68001F20202040804122242221202020201F52
:108E7800FE0101010101F10911211191610101FEB8
:108E88001F20202040804021222221202020201F36
:108E9800FE0101010101010101010101010101FEC0
:108EA8001F20202040804020202020202020201F1C
:108EB80000008080808080808080808080800000AA
:108EC800003F4040408040404040404040403F00DC
:108ED800000000000000000000000000000000008A
:108EE8000040A0A020A0A0A0A0A0A0A0A04000009A
:108EF800000000000000000000000000000000006A
:108F080000000000008080808080000000000000D9
:108F18000000000000000020408000000000808069
:108F2800B8808000000000804020000000000000A1
:108F3800000000000040404000F00C020101000069
:108F48000000000101020CF0004040400000000059
:108F580000000000000000804021060810102020BA
:108F6800A02020101008062140800000000000000A
:108F78000010101050505010105050505050505079
:108F88005350505050501050100010101010100036
:108F980000000000000000002040000080804040E9
:108FA8005840408080000040200000000000000081
:108FB800000000000000202000F80601000000006A
:108FC80000000000000106F800202000000000005A
:108FD8000000000000000000201003040808101022
:108FE800D010100808040310200000000000000042
:108FF80000101010505050101050505050505050F9
:1090080050505050505010501000101010101000B8
:1090180000000000000000000020800040402020E8
:1090280028202040400080200000000000000000B0
:109038000000000000000008003EC1000000000021
:10904800000000000000C13E000800000000000011
:109058000000000000000000000200000101020200
:109068000A020201010000020000000000000000E6
:109078000010101050505010105050505050505078
:109088005050505050501050100010101010100038
:10909800000000000000004000E41008040404047C
:1090A80005040404040810E4004000000000000067
:1090B8000000000000000000000401020404040491
:1090C800140404040402010400000000000000006D
:1090D8000000000000000000000000000000000088
:1090E8000000000000000000000000000000000078
:1090F80000101010505050101050505050505050F8
:1091080050505050505010501000101010101000B7
:1091180000000000000000000000000080804040C7
:109128004040408080000000000000000000000077
:109138000000000000000000007886010000000028
:109148000000000000018678000000000000000018
:1091580000000000000000000000010204040808EC
:1091680008080804040201000000000000000000D4
:109178000010101050505010105050505050505077
:109188005050505050501050100010101010100037
:1091980000000000000000000000000000000000C7
:1091A80000000000000000000000000000000000B7
:1091B80000000000000000000080601008080402A1
:1091C800020204080810608000000000000000008F
:1091D8000000000000000000003FC0000000000088
:1091E800000000000000C03F000000000000000078
:1091F80000101010505050101050515254545850E4
:1092080050505854545211501000101010101000A3
:109218000000000000000000000000000000000046
:109228000000000000000000000000000000000036
:109238000000000000000000000000000000000026
:109248000000000000000000000000000000000016
:10925800000000000000000000C030080404020103
:1092680001010204040830C00000000000000000F2
:109278000010101050505010105F50505050505067
:10928800505050505050105F100010101010100027
:1092980000000000000000000000000000000000C6
:1092A80000000000000000000000000000000000B6
:1092B80000000000000000000000000000000000A6
:1092C8000000000000000000000000000000000096
:1092D8000000000000000000000000000000000086
:1092E8000000000000000000000000000000000076
:1092F80000101010505050101050505050505058EE
:1093080058585050505010501000101010101000A5
:109318000000000000000000000000000000000045
:109328000000000000000000000000000000000035
:109338000000000000000000000000000000000025
:109348000000000000000000000000000000000015
:109358000000000000000000000000000000000005
:1093680000000000000000000000000000000000F5
:109378000010101050505010105050505050505075
:109388005050505050501050100010101010100035
:1093980000000000000000000000000000000000C5
:1093A80000000000000000000000000000000000B5
:1093B80000000000000000000000000000000000A5
:1093C8000000000000000000000000000000000095
:1093D8000000000000000000000000000000000085
:1093E8000000000000000000000000000000000075
:1093F80000101010505050101050505050585454E5
:1094080054545458505010501000101010101000A0
:109418000000000000000000000000000000000044
:109428000000000000000000000000000000000034
:1094380000000000000000000000000000C0202024
:10944800201010D0200000000000000000000000E4
:10945800000000000000000000C03804030000E025
:1094680038040300000000000000000000000000B5
:109478000010101050505010105F505050505C5356
:109488005050505050501050100010101010100034
:10949800000000000000000000000000E0100808C4
:1094A8000808E8180800000000000000000000009C
:1094B800000000000000000000F806010000807CA9
:1094C800060100000000000000000000000000008D
:1094D800000000000000000000FF000000003FC086
:1094E8000000000000000000000000000000000074
:1094F80000101010505050101050535C50505051E4
:10950800525C5050505010501000101010101000A5
:10951800000000000000000000C03008040201E163
:1095280031090503010000000000000000000000F0
:109538000000000000000000007F800000001FE025
:109548000000000000000000000000000000000013
:1095580000000000000000000000010204080808E4
:10956800090E0800000000000000000000000000D4
:109578000010101050505010105050505050505073
:109588005050505050501050100010101010100033
:10959800000000000000000000807008040202C102
:1095A8003905030100000000000000000000000071
:1095B8000000000000000000001FE0000000000F95
:1095C80030C00000000000000000000000000000A3
:1095D8000000000000000000000000010204040870
:1095E8000808090A04040000000000000000000048
:1095F80000101010505050101050505050505050F3
:1096080050505050505010501000101010101000B2
:1096180000000000000000000000C020100808043E
:10962800E4140C040000000000000000000000002A
:109638000000000000000000003EC1000000001F04
:109648006080000000000000000000000000000032
:1096580000000000000000000000010204080810DB
:10966800101112140808000000000000000000009B
:109678000010101050505010105050505050505072
:109688005050505050501050100010101010100032
:1096980000000000000000000000000080404020A2
:1096A80020A0602000000000000000000000000072
:1096B800000000000000000000F806010000007C27
:1096C800830000000000000000000000000000000F
:1096D8000000000000000000000003040810102033
:1096E80021222428101000000000000000000000C3
:1096F80000101010505050101050505050505050F2
:1097080050505050505010501000101010101000B1
:10971800FE01010101010101010101010101010134
:10972800010101010101C13101010101010101FE34
:10973800FF0000000000000000000000E050982436
:109748006454CCA898E4030000000000000000FF67
:10975800FF000000000000806010A020219324CBAF
:10976800090E0A060201000000000000000000FFC8
:109778007F808080808080838484858484858483BE
:109788008080808080808080808080808080807FD2
:10979800FE010101010101010101010101010101B4
:1097A800010101010101010101010101010101FEA4
:1097B800FF0000000000000E112222118E804040A0
:1097C800202010101008080404020CF0000000FF0C
:1097D800FF0000000000F884A2A40A09A8A48404D9
:1097E800FA02021A2420100804020100000000FFF7
:1097F8007F8080808080808382838181838283814F
:109808008080808080808080808080808080807F51
:10981800FFFFFF754F6B214569FF5B135505135B10
:10982800FFDDDDED01EDDDFF7F917505517FFFFF68
:10983800FE01010101010101010101010101010113
:1098480001018141A151310101010101010101FE23
:10985800FF0000000000000000804020E010101011
:1098680090FF80FF60C0000000000000000000FFC3
:10987800FF000000000000003CC3004080214201BE
:10988800000000000000C33C00000000000000FFD2
:109898007F808080808080808080818284858888A5
:1098A8008888848482818080808080808080807F96
:1098B800FE01010101010101010101010101818193
:1098C800412191C9A9E959B161C18101010101FE93
:1098D800FF0000000000804020108844420101027F
:1098E800060F163959F6AFD9EFF6793F1E0000FF7B
:1098F800FF00000C1A3160C0800101040E090782C4
:10990800C060B0D86C361B0D07000000000000FFD7
:109918007F808080808080808183868C9CB69B8DB0
:109928008683818080808080808080808080807F26
:10993800FE0101018141A12121A141810101010112
:1099480001817111F101010101010101010101FE12
:10995800FF000000070C107C91141C171111111145
:10996800F11FF0CF3C00000000000000000000FFE5
:10997800FF000000000000003FC40A0A0A0AEA1FAC
:10998800E01EC53F00C0605090A0A0E0000000FFAE
:109998007F808080808080808083828284848585A7
:1099A8008282838080838284848784838080807F8E
:1099B800FE01010101010101018141212121A14192
:1099C800810101010101010101010101010101FE02
:1099D800FF00000000000000027DE0800C330C63F3
:1099E8001805C6380000000000000000000000FF55
:1099F800FF00000000000000000000015F070603F0
:109A0800061961861860808000000000000000FFD1
:109A18007F8080808080808080808080808080803F
:109A2800808080878C8C8686838080808080807F01
:109A3800FE01010101010101010101010101010111
:109A4800010101010101010101010101010101FE01
:109A5800FF0000000000F02828284444444C524DE0
:109A680044444C52522D2828F0000000000000FF0A
:109A7800FF0000000000FF140814281028282810F0
:109A88001028102828140814FF800000000000FF88
:109A98007F80808080808182828284868686868696
:109AA8008684848686828383818180808080807F8B
:109AB800FE010101010101010101010101018141D1
:109AC80041A1A1A1A141418101010101010101FEC1
:109AD800FF00000000000000000000003CC33C4202
:109AE80099A482826419C23CC33C0000000000FFB4
:109AF800FF000000102C226CD8A858B060404142EA
:109B08008204043ACE73830100000000000000FFC5
:109B18007F80808080808080808181818384828131
:109B28008080808083828180808080808080807F28
:109B3800FE01010101010101010101010101010110
:109B4800010101818181818181010101010101FE00
:109B5800FF0000000000000000C06050484C8A125E
:109B6800132325241408000080710E00000000FF54
:109B7800FF0000000000E01C030404084848240714
:109B88000080E060381C0E0601000000000000FFA5
:109B98007F808080808080818283838382828181AC
:109BA8008180808080808080808080808080807FAD
:109BB8001E3F7EFCFC7E3F1E800284700808C8049D
:109BC80005C80808708402000040210E121015A86C
:109BD800281510120E2140013C7EFFC3C3FF7E3CB6
:109BE80084BCD6FEBC84008EFAAEAEFA8E000000AD
:109BF80082BEAAAAFA82006A5AEAFE84FC00000021
:109C080004FCAA6EBC84002EFE48FEBCFC000000CA
:109C1800B4AA04DED40400849C54FE9C8400000092
:109C2800300C030FF1050575D515E501018101011A
:109C3800850505050101050505610165050505F1B0
:109C48000F0FF000000000000FF08080DF918A8481
:109C5800C08E8081CF8988808FA8BF8080818281D3
:109C6800C080F00F0000000000D02808080848084D
:109C7800484850301010101030504848087C083CB4
:109C880008BCD00062DD202034202FA949498F006C
:109C980030303030008F4949A52720342020DD623C
:109CA80000D02808080848084848503010101010FC
:109CB80030304848087C083C08BCD00062DD2020D1
:109CC80034202FA949498F0030303030008F49495E
:109CD800A92F20342020DD620080601008080808C1
:109CE800081010101010100808080888480848C8FC
:109CF8008808C8307F84A4545C5D5EC04C40000670
:109D08000514141C9C5C5C54425242C2000001FEC3
:109D180000806010080808080810101010101008BB
:109D280008080808884808880808C8307F84A454A8
:109D38005C5D5EC04C4000060514141C9C5C5C54C1
:109D4800425244C1020001FE0000008040404080B1
:109D5800000000000000000000008040404040403B
:109D680080000000F00E0100000080808182020265
:109D780002020202828180800000000000010EF0D1
:109D8800000080402040404040800000000000006B
:109D9800008080404040402040800000F00D02805C
:109DA8000080406060600102020202016160604060
:109DB8008000800000020DF00040A0100810101074
:109DC8001020204040404040402020101010100833
:109DD80010A040007C8300200020141818180040B0
:109DE8008080400018181814200020000000837C90
:109DF8008078040201010101F2F4F404040404046B
:109E080004F4F4F201010101020478805BAC600003
:109E1800C3404340418101000C1C1C0C00018141DE
:109E2800404340C30060AC5B00F80402010101E25A
:109E3800E2E4040404040404E4E4E4020101020288
:109E4800041CE0000FD0208C404C42434343800068
:109E580018100800038343424C404C408020D80728
:109E680000F008040402C2C4C4080810101008C88E
:109E7800C8C40202020202040810E0000FD02C003D
:109E88000C02030303000010100800030303020C74
:109E9800000C00000020D80700D028040404C4C423
:109EA800C4080810100808C4C4C404040404040442
:109EB8000418E00007D82C000C020303030008185C
:109EC800180800030303020C000C00000020D80748
:109ED800806814020141797A7A0404080804047A33
:109EE8007A7941010101010204087080836C130032
:109EF800030000000000070F0F0700000000000328
:109F08000003000000106C8B00A05008040808082B
:109F180008101020202020202020201010100808D1
:109F28001020C0002EB1400010080C0C0C0020605E
:109F38006020000C0C0C0810001020000040B12E0E
:109F48000000804020404040408080000000000029
:109F5800000000808080404080000000708D02007A
:109F68008040606060000001010101616161418021
:109F78000080000000018E7000000080402020104A
:109F88001010E00000000000804020101010101099
:109F9800E0000000708C03008080808000000001D9
:109FA80002028281808000000000000000031CE0A3
:109FB8000000804020101010204080000000008029
:109FC800402010101010102040800000E01C0300FA
:109FD80000C0C0C0000000010101C1C0C0000000F5
:109FE800000000000003AC5000008040202020202A
:109FF80040808000000000808040404020202040B9
:10A0080080000000708F000080E0E0E000000001A8
:10A018000101E1E0E08000800080000000038C7016
:10A028000000804020404040408080000000000048
:10A03800000000808080404080000000708D020099
:10A0480080407878780000010101016161614180F8
:10A058000080000000018E700040A0100810101051
:10A068001020204040404040402020101010100890
:10A0780010A040007C8300300020141818180040FD
:10A08800C0C0C00018181814200030000000837CDD
:10A09800E018040201010141616161020204040245
:10A0A8000261616141010101020418E057A8000042
:10A0B800C32023202040808083878783808040209E
:10A0C800202320C30000A857E01804026101611191
:10A0D8001F1F1F0162E2E262011F1F1F1161016160
:10A0E800020418E007F800C0300808080810E0204B
:10A0F8002020202020E0100808080830C000F807B9
:10A1080080788472090505050505C57F222222226B
:10A118001FC131090505050932C478805DA20F0009
:10A1280000000000000807000000000000071800F9
:10A1380000000000300FA25DE018040201010101D7
:10A14800FAFAFA020202020202FAFAFA010101011B
:10A15800020418E05BAC60900B0807040404F800E4
:10A16800060E0E06000000E0101310139060AC5BA2
:10A178008078040201010101F2F4F40404040404E7
:10A1880004F4F4F201010101020478805BAC6090F0
:10A198000B080B08119161000C1C1C0C0001C1215B
:10A1A800201310131060AC5B0000000000000000DA
:10A1B8000000000000000000000000000000000097
:10A1C8000000000000000080402040404080000067
:10A1D8000000000000008040404020408000000057
:10A1E8000000000000000000000000000000000067
:10A1F8000000000000000000000000000000804097
:10A208002010204040808000000000000080804036
:10A2180040201020408000000000000000000000E6
:10A228000000000000000000000000000000000026
:10A23800000000000040A01008101010102020405E
:10A2480040404040402020101010100810A040004E
:10A258000040A0100810101010202040404040403E
:10A26800402020101010100810A040005C638000EF
:10A278003000201418181800004040000018181862
:10A28800142000300080635CE01804026101611151
:10A298001F1F1F0102C2C202011F1F1F116101619E
:10A2A800020418E057A86040402040804080000029
:10A2B8000007070000008040804020404060A85709
:10A2C8008068140201010101F2F2F204040404049A
:10A2D80004F2F2F201010101021468804BBC602013
:10A2E8002620464141C18100000E0E000081C14177
:10A2F800414620262060BC4B806814020101010100
:10A30800F6F4F4040404040404F4F4F6010101016D
:10A31800021468804BAC70101310121121C14180D7
:10A32800000C0C008041C121111210131070AC4BAD
:10A338000000C02010101010102020202020201015
:10A3480010101010503010D0101090607E81A84866
:10A3580048585ADC005840000C0A181898585858A1
:10A36800624162C0010003FC008060100808880890
:10A37800081010101090100808080808A898086815
:10A388008808C8307F8092424A4E4ECF202600006F
:10A3980003020A0E8E4E4E4A504051C0000001FE84
:10A3A80090E80402020202020608080808080404E9
:10A3B80004C4C4C6410101020438C80097483020CB
:10A3C8002428262AA2424240B0303010804343A3BA
:10A3D800202225121070AE4998E4020202028282FD
:10A3E800868884040404040404C4C4C60101010268
:10A3F8000438C800974830202C202C20A343434021
:10A4080098181808804343A3202620161070AE49D8
:10A418008068140201010101E6E4E4040404040470
:10A4280004E4E4E601010101021468804BAC7010F9
:10A438001610161023C34380181818088043C32326
:10A44800101610161070AC4B00E0301010101010E1
:10A45800101010A020202020A0101010103C103C3C
:10A4680010BCE00062DD2020342039A84949890069
:10A478000040400000894949A83920342020DD6285
:10A4880000D02808080888088888905010101010F4
:10A498005090888808BC083C08BCD00062DD2020A9
:10A4A80034203AAE4E4E8E0000202000008E4E4ED4
:10A4B800AE3A20342020DD6200D028080808880839
:10A4C800888890501010101050908888089F081F96
:10A4D80008BFD00062DD202034203AAE4E4E8E00F8
:10A4E800F0F0F0F0008E4E4EAE3A20342020DD62BF
:10A4F80000D82404040484048888884808080808C4
:10A5080048888888049F041F04BFD80062DD202083
:10A518003A203AA646468600707070700086464615
:10A52800A63A203A2020DD6200D82404040444041A
:10A53800484848280808080828484848045F041F6D
:10A5480004BFD80062DD20203A2039A7474787009A
:10A558007878787800874747A739203A2020DD6245
:10A56800B04804020202028284E4848404040404DD
:10A578008484E48482020202020448B053AC70105E
:10A588001C101CD020C30000003838000000C32075
:10A59800D01C101C1070AC53B04804020202020216
:10A5A80084C48404040404040484C48402020202EB
:10A5B800020448B053AC70101C101CD0608100001D
:10A5C8000018180000008160D01C101C1070AC53DB
:10A5D8008068140201018101029202028202028251
:10A5E8000202920201810101021468804BAC7010D2
:10A5F8001C102C20C0448000001C1C00008044C09B
:10A60800202C101C1070AC4B806814020101818151
:10A6180042324282820202828242324283810101B4
:10A62800021468804BAC70101610161021C64180B9
:10A63800001E1E008041C621101610161070AC4B6B
:10A64800E0181402010141D1E6E4C8080808080826
:10A6580008C8E4E6D1410101021418E04BAC7020AF
:10A668002620262020C04090000202009040C020F2
:10A67800202620262070AC4BE01814020101216925
:10A688007674640404848404046474766921010182
:10A69800021418E04BAC70101310131020C0408C3B
:10A6A800110000118C40C020101310131070AC4B17
:10A6B800E0181402010945C1C6C4C4040404040412
:10A6C80004C4C4C6C1450901021418E04BAC70109B
:10A6D8001C101C1020C04080000804048C02E222D8
:10A6E800141C101C1070AC4BC0281402012111015D
:10A6F80006040404040404040404040601112101EA
:10A70800021428C04FB070101C101D1323C34380BF
:10A7180000101010A843E32F131D101C1070B04F29
:10A728008068140201118981868484040404040465
:10A738000484848681891101021468804BAC7010EE
:10A748001C101C1121C141800810101C9241C1210C
:10A75800111C101C1070AC4B006C9402010141419B
:10A768007D7D7D0102828202017D7D7D4141010165
:10A7780002946C0040E547685350434080800000D5
:10A788000F1F1F0F00008080404350536847E5406B
:10A7980000D8240404040404080808080808080861
:10A7A800080808080404040404A4D80062DD202072
:10A7B80038203AA3434383001020201000834343EA
:10A7C800A33A20382020DD6200D028040202028249
:10A7D8008C888808080808080888888C8202020281
:10A7E80004A8D00052AD701018101811A343C3006C
:10A7F8001020201000C343A3111810181070AD5278
:10A808008068140201010101E6E4E404040404047C
:10A8180004E4E4E601010101021468804BAC701005
:10A828001610161023C34380081010088043C32352
:10A83800101610161070AC4BE04040F84020A0E015
:10A8480000000000000000001010D02898888080C8
:10A858000000004050D0F8000090F0080000000010
:10A86800000040F8404040DC20A02000000000002C
:10A87800F0884040C07840C0000000000000008020
:10A88800E0909CA04080000305051F252524232077
:10A898003800000000010111213F01000000000004
:10A8A800000004031C030502021F0202000000004E
:10A8B80000123F2121130C1B212000000000001F63
:10A8C80000360907203C0301020000000201241C95
:10A8D80024222A1202030000000000000080202029
:10A8E8001098482424242424242424240408985038
:10A8F80020208000000000000000FC0203F8040291
:10A90800020170909052240404040894E229C700BC
:10A91800000CF1020EF000000000070000233028B0
:10A92800A82422202162820484681822222201C0DD
:10A9380040300FC0601F0000000000000002040843
:10A94800181122222420232223242424242211180B
:10A958000804030000000000000000000080202020
:10A9680010984824242424242424242404089850B7
:10A9780020208000000000000000FC0203F8040210
:10A98800020170909052240404040894E229C7003C
:10A99800000CF1020EF00000000007000023302830
:10A9A800A82422202162820480600002020201C0E1
:10A9B80040300FC0601F00000000000000000608C3
:10A9C800181122222420232223242424242211188B
:10A9D80008040300000000000000000000802020A0
:10A9E8001098482424242424242424240408985037
:10A9F80020208000000000000000FC0203F8040290
:10AA0800020170909052240404040894E229C700BB
:10AA1800000CF1020EF000000000070000233028AF
:10AA2800A82422202162800080600002020201C066
:10AA380040300FC0601F0000000000000000000848
:10AA4800181122222420232223242424242211180A
:10AA5800080403000000000000000000008020201F
:10AA680010984824242424242424242404089850B6
:10AA780020208000000000000000FC0203F804020F
:10AA8800020120202062240404040894E229C7005B
:10AA9800000CF1020EF0000000000700002330282F
:10AAA800A82422202060800080600002020201C0E9
:10AAB80040300FC0601F00000000000000000000D0
:10AAC800181122222420232223242424242211188A
:10AAD800080403000000000000000000008020209F
:10AAE8001098482424242424242424240408985036
:10AAF80020208000000000000000FC0203F804028F
:10AB0800020100000042040404040894E229C7007A
:10AB1800000CF1020EF000000000070000233028AE
:10AB2800A82422202060800080600002020201C068
:10AB380040300FC0601F000000000000000000004F
:10AB48000011222224202322232424242422111821
:10AB5800080403000000000000000000008020201E
:10AB680010984824242424242424242404089850B5
:10AB780020208000000000000000FC0203F804020E
:10AB8800020100000042040404040814622947007A
:10AB9800000CF1020EF0000000000700002330282E
:10ABA800A82422202060800080600000000000C0EF
:10ABB80040300FC0601F00000000000000000000CF
:10ABC80000010222242023222324242424221118D1
:10ABD800080403000000000000000000008020209E
:10ABE8001098482424242424242424240408985035
:10ABF80020208000000000000000FC0203F804028E
:10AC080002010000004204040400000402090700D5
:10AC1800000CF1020EF000000000070000233028AD
:10AC2800A82422202060800080600000000000C06E
:10AC380040300FC0601F000000000000000000004E
:10AC48000001020204202322232424242422111890
:10AC5800080403000000000000000000008020201D
:10AC680010984824242424242424242404089850B4
:10AC780020208000000000000000FC0203F804020D
:10AC8800020100000042020000000004020103006B
:10AC9800000CF1020EF0000000000700002330282D
:10ACA800A82422202060800080600000000000C0EE
:10ACB80040300FC0601F00000000000000000000CE
:10ACC80000010202040003020304242424221118B0
:10ACD800080403000000000000000000008020209D
:10ACE800109848242424242424242424040898D0B4
:10ACF80020208000000000000000FC0203F804028D
:10AD080002010000004000000000000402010100F0
:10AD1800000CF1020EF000000000070000233028AC
:10AD2800A82422202060800080600000000000C06D
:10AD380040300FC0601F000000000000000000004D
:10AD480000010202040003020304040404020108CF
:10AD58000404030000000000000000000080202020
:10AD68001098482424242424242424240408181073
:10AD780020208000000000000000FC0203F804020C
:10AD88000201000000400000000000040200000072
:10AD9800000CF1020EF0000000000700002330282C
:10ADA800A82422202060800080600000000000C0ED
:10ADB80040300F00001F00000000000000000000ED
:10ADC8000001020204000302030404040402010057
:10ADD80000000000000000000000000000802020AB
:10ADE800109848242424242424240404080818102F
:10ADF80020000000000000000000FC0203F804022C
:10AE080002010000004000000000000400000000F3
:10AE1800000CF000000000000000070000232020C4
:10AE2800A02020202060800080600000000000C07A
:10AE380040300F000000000000000000000000008B
:10AE480000010202040003020304040404020100D6
:10AE5800000000000000000000000000008040200A
:10AE68001098482820202000000000000000000062
:10AE780000000000000000000000FC0203F80402CB
:10AE880002010000000000000000000000000000B7
:10AE9800000CF00000000000000007000003002084
:10AEA800A02020202060800080600000000000C0FA
:10AEB80040300F000000000000000000000000000B
:10AEC800000102000000030203040404040201005C
:10AED80000000000000000000000000000800000EA
:10AEE800008040000000000000000000000000009A
:10AEF80000000000000000000000F80402F904024D
:10AF08000201000000000000000000000000000036
:10AF18000000E0000000000000000700000300003F
:10AF2800800000000060800080600000000000C019
:10AF380040300F000000000000000000000000008A
:10AF480000010000000003020300000000000100EF
:10AF580000000000000000000000000000000000E9
:10AF680000000000000000000000000000000000D9
:10AF780000000000000000000000E01800F00C00D5
:10AF880000000000000000000000000000000000B9
:10AF9800000000000000000000000700000300009F
:10AFA80000000000000000008060000000000000B9
:10AFB80000601E000000000000000000000000000B
:10AFC8000000000000000202030000000000000072
:10AFD8000000000000000000000000000000000069
:10AFE8000000000000000000000000000000000059
:10AFF80000000000000000000000800000E00000E9
:10B008000000000000000000000000000000000038
:10B01800000000000000000000000700000300001E
:10B028000000000000000000806000000000000038
:10B0380000201800000000000000000000000000D0
:10B0480000000000000000000000000000000000F8
:10B0580000000000000000000000000000000000E8
:10B0680000000000000000000000000000000000D8
:10B0780000000000000000000000000000000000C8
:10B0880000000000000000000000000000000000B8
:10B09800000000000000000000000800000200009E
:10B0A8000000000000000000002000000000000078
:10B0B8000000000000000000000000000000000088
:10B0C8000000000000000000000000000000000078
:10B0D80000000000000000000000803F0000004168
:10B0E80000001041CDCCCC3D0000C8420000F0412A
:10B0F8000000B4420000A0412D2D2D20424F4F5496
:10B10800202D2D2D0A466F7263656420696E746F59
:10B1180020424F4F54206D6F64652E2E2E00000084
:10B128002D2D2D20424F4F54202D2D2D0A57687953
:10B1380020697320746869732073637265656E2073
:10B14800646973706C617965643F0A312E5468656F
:10B158002070726F6772616D206861732064657416
:10B168006563746564206120464C4153480A6572E2
:10B17800726F722E0A322E486F6C6420646F776E7D
:10B1880020423120647572696E6720504F574552CE
:10B198004F4E2E0A2D20506C6561736520707265C4
:10B1A800737320423120746F20636F6E74696E75FB
:10B1B800652E202D000000002D2D2D20424F4F54CC
:10B1C800202D2D2D0A546172676574206B65793ABC
:10B1D800000000004B6579207265747269657665B8
:10B1E800642066726F6D20616464726573732030C9
:10B1F8007830303030303030303A0000506C656193
:10B208007365206D616B65207375726520746F209E
:10B218006D656D6F72697A652074686520636F6EFD
:10B2280074656E740A6F6E20746869732070616744
:10B2380065206265666F72652070726F636565640C
:10B24800696E672077697468207468650A666F6C30
:10B258006C6F77696E67206F7065726174696F6E65
:10B26800732E2020202D50726573732042312D00DB
:10B278002D2D2D20424F4F54202D2D2D0A54686519
:10B288002070726F6772616D2077696C6C207468CA
:10B29800656E2070726F7669646520726570616989
:10B2A800720A736F6C7574696F6E7320666F7220A3
:10B2B800646966666572656E74207363656E617233
:10B2C800696F732E0A507265737320423120746F50
:10B2D800207377697463682E0A506572666F726DA1
:10B2E80020636F72726573706F6E64696E67206F2A
:10B2F8007065726174696F6E732062790A70726525
:10B308007373696E67206B65797320617320696E4A
:10B318007374727563746564206F6E2D73637265E0
:10B32800656E2E002D2D2D20424F4F54202D2D2D92
:10B338000A4F7074696F6E313A46756C6C79206586
:10B348007261736520616E6420666F726D6174202E
:10B35800464C4153480A466F7220646576696365B6
:10B3680020696E697469616C697A6174696F6E0AC3
:10B37800416C6C20646174612077696C6C20626533
:10B38800206572617365640A0A42313A4E657874C1
:10B39800204F7074696F6E202042343A4578656397
:10B3A800757465002D2D2D20424F4F54202D2D2DC5
:10B3B8000A4F7074696F6E323A4F6E6C79206572FD
:10B3C80061736520466C6173680A526573746F72A5
:10B3D8006520464C41534820636F6D706C657465F9
:10B3E8006C7920746F20666163746F72790A646582
:10B3F8006661756C742073746174650A416C6C20A5
:10B40800646174612077696C6C2062652065726183
:10B418007365640A0A42313A4E657874204F707435
:10B42800696F6E202042343A45786563757465000B
:10B438002D2D2D20424F4F54202D2D2D0A4F707445
:10B44800696F6E333A526573746F7265206B6579F4
:10B45800206F6E6C790A506F74656E7469616C2028
:10B4680062616420646174612063616E6E6F742030
:10B478006265207265636F76657265640A0A423197
:10B488003A4E657874204F7074696F6E202042348C
:10B498003A45786563757465000000002D2D2D20F0
:10B4A800424F4F54202D2D2D0A546869732069731B
:10B4B80020746865206C61737420706167650A493F
:10B4C8006620796F75722069737375652072656D72
:10B4D80061696E7320756E7265736F6C7665640A48
:10B4E800706C6561736520636F6E7461637420743A
:10B4F800686520646576656C6F7065722076696131
:10B508000A51513A313634313332333631390A77C8
:10B5180065636861743A31363431333233363139E0
:10B52800000000002D2D2D20424F4F54202D2D2D91
:10B538000A45726173696E672E2E2E0A446F206E5B
:10B548006F7420706F776572206F66662E0000003A
:10B558002D2D2D20424F4F54202D2D2D0A436F6D38
:10B56800706C65746564210A506C6561736520743C
:10B5780075726E206F66662074686520706F7765D7
:10B588007220746F20726573746172742E000000EB
:10B598002D2D2D20424F4F54202D2D2D0A526573ED
:10B5A800746F72696E672E2E2E0A446F206E6F7448
:10B5B80020706F776572206F66662E0030313233E7
:10B5C8003435363738394142434445460000A040B7
:10B5D8000000004000002041000020420000000060
:10B5E8007B14AE47E17A943F7B14AE47E17A843FFF
:10B5F8005B115204351C460B42234F022F5F06583D
:10B60800153B0E4A2A621F3F08321855014D264540
:10B61800135D2C0C38501B3D0348315A10542144FB
:10B628001634610729570A411E4C123751052E5C02
:10B638000D47243E143A56092B4E1943205E0F330A
:10B64800491D3C2753306017364B28402259630068
:10B658002D391A2510580000CA550000CA55000097
:10B66800CA550000CA550000CA550000CA55000056
:10B67800CA550000CA550000CA550000CA55000046
:10B68800CA55000024580000E85700003858000048
:10B69800005900004C580000605800007458000021
:10B6A800885800009C580000B0580000C45800009A
:10B6B800D8580000EC580000FC570000CA5500009C
:10B6C800CA550000CA550000CA550000D4570000EA
:10B6D800CA550000B4550000E0550000F4550000BC
:10B6E800085600001C560000305600004456000062
:10B6F800585600006C560000805600009456000012
:10B70800A8560000BC560000D0560000E4560000C1
:10B71800F85600000C57000020570000345700006E
:10B72800485700005C57000070570000845700001D
:10B7380098570000AC570000C0570000CA550000D9
:10B74800CA550000CA550000CA550000CA55000075
:10B75800CA550000B4550000E0550000F45500003B
:10B76800085600001C5600003056000044560000E1
:10B77800585600006C560000805600009456000091
:10B78800A8560000BC560000D0560000E456000041
:10B79800F85600000C5700002057000034570000EE
:10B7A800485700005C57000070570000845700009D
:10B7B80098570000AC570000C05700008659000099
:10B7C800A0590000A6590000AC590000B259000069
:10B7D800B8590000BE590000C4590000CA590000F9
:10B7E800FF81FF008F89FF00FF89FF000101FF0033
:10B7F800FF89F9008F89F9000F08FF008989FF0088
:10B80800F9898F000000FF00E018070010101000F1
:10B8180000BF0000002800000080000001B10E00F9
:10B82800E199870007F80700F708F7003FFC3F0099
:10B838000FF00F007F807F0001FF010086897100F3
:10B84800FF09F600FFC17F00FF0906007E817E0028
:10B85800FF0CFF00FF02FF00FF808000FF08F700D9
:10B86800817F010081FF8100FF08FF007E81F100D8
:10B87800FF090100FF898100FF817E007E81810030
:10B88800FF897600FE11FE000000003FA2B7FFFF0F
:10B89800FCB5FFFF26B6FFFF10B7FFFF26B6FFFF78
:10B8A8002CB6FFFF26B6FFFF10B7FFFFFCB5FFFF62
:10B8B800FCB5FFFF2CB6FFFF10B7FFFFFEB6FFFF7A
:10B8C800FEB6FFFFFEB6FFFF2CB6FFFFBCB5FFFFBD
:10B8D800BCB5FFFFE6B5FFFF5AB8FFFFE6B5FFFFAF
:10B8E800ECB5FFFFE6B5FFFF5AB8FFFFBCB5FFFF99
:10B8F800BCB5FFFFECB5FFFF5AB8FFFFBEB6FFFFB0
:10B90800BEB6FFFF44B8FFFFAEB5FFFF28B8FFFF84
:10B91800AEB5FFFF44B8FFFF84B5FFFF84B5FFFF56
:10B9280028B8FFFF44B8FFFF82B6FFFF82B6FFFFCB
:10B9380082B6FFFF000102020303030304040404A8
:10B9480004040404050505050505050505050505A3
:10B958000505050506060606060606060606060683
:10B96800060606060606060606060606060606066F
:10B978000606060607070707070707070707070753
:10B98800070707070707070707070707070707073F
:10B99800070707070707070707070707070707072F
:10B9A800070707070707070707070707070707071F
:10B9B8000707070708080808080808080808080803
:10B9C80008080808080808080808080808080808EF
:10B9D80008080808080808080808080808080808DF
:10B9E80008080808080808080808080808080808CF
:10B9F80008080808080808080808080808080808BF
:10BA080008080808080808080808080808080808AE
:10BA1800080808080808080808080808080808089E
:10BA2800080808080808080808080808080808088E
:04BA380008080808EA
:10BA3C00E48500006C850000F48400007C84000028
:10BA4C00048400008C830000148300009C8200009E
:10BA5C0024820000AC81000034810000BC80000016
:10BA6C0044800000CC7F0000547F0000389B000015
:10BA7C00143C0A0AB89A0000500A1405389A0000BF
:10BA8C00463C3C23B89900000A3C0A0A389900004D
:10BA9C0000003C05B89800003C140A0538980000DA
:10BAAC00461E0F0FCDCC4C3D00002042731AE845CA
:10BABC00920BCF5D0100640001010209050000003A
:10BACC000000C842000048422C010000006CDC025F
:10BADC000204060804080C1008101820102030402E
:10BAEC0020406080010203040506070801020304DC
:08BAFC00050607080000000028
:00000001FF
